锚点日期,训练样本数,特征集合,特征数量,日期,代码,名称,行业,开盘,收盘,最高,最低,成交量,成交额,振幅,涨跌幅,换手率,预测上涨概率,方向阈值,预测涨跌,实际涨跌,涨跌预测是否准确,未来卖出日期
2026-04-27,37997,relative_core,39,2026-04-27,002757,南兴股份,专用设备,22.4,23.46,23.46,21.66,39079727.0,893652891.13,8.0,4.2203,13.8554,0.8119841109829339,0.215,上涨,上涨,1,2026-05-07
2026-04-27,37997,relative_core,39,2026-04-27,000811,冰轮环境,通用设备,22.4,23.1,23.25,22.35,55160878.0,1259308614.99,4.05,3.9604,5.6379,0.7732233098733583,0.215,上涨,上涨,1,2026-05-07
2026-04-27,37997,relative_core,39,2026-04-27,605133,嵘泰股份,汽车零部件,31.61,31.16,31.81,31.09,8401852.0,263417255.28,2.28,-1.4236,2.9781,0.7656306071539714,0.215,上涨,上涨,1,2026-05-07
2026-04-27,37997,relative_core,39,2026-04-27,000338,潍柴动力,汽车零部件,29.72,29.66,30.69,29.54,103704990.0,3107949027.71,3.89,0.2366,2.0727,0.7499752223190908,0.215,上涨,上涨,1,2026-05-07
2026-04-27,37997,relative_core,39,2026-04-27,603272,*ST联翔,家居用品,24.3,24.3,24.3,23.2,5928600.0,143174844.0,4.98,10.0045,5.7211,0.747529290067996,0.215,上涨,上涨,1,2026-05-08
2026-04-27,37997,relative_core,39,2026-04-27,002977,*ST天箭,军工电子Ⅱ,27.53,27.53,27.53,27.53,459700.0,12655541.0,0.0,-5.0035,0.6898,0.7383318256613127,0.215,上涨,上涨,1,2026-05-07
2026-04-27,37997,relative_core,39,2026-04-27,002989,中天精装,装修装饰Ⅱ,24.27,23.91,24.56,23.2,4986338.0,118405538.09,5.47,-3.7827,2.7198,0.7331272746613053,0.215,上涨,上涨,1,2026-05-07
2026-04-27,37997,relative_core,39,2026-04-27,002158,汉钟精机,通用设备,25.88,26.02,26.78,25.62,9920770.0,259846974.9,4.5,1.0485,1.8593,0.7317162421190941,0.215,上涨,上涨,1,2026-05-07
2026-04-27,37997,relative_core,39,2026-04-27,603211,晋拓股份,汽车零部件,22.95,25.4,25.4,22.77,13199400.0,323602855.0,11.39,10.0043,4.8561,0.7122417288123921,0.215,上涨,上涨,1,2026-05-07
2026-04-27,37997,relative_core,39,2026-04-27,002134,天津普林,元件,22.84,24.98,24.98,22.84,19652971.0,483547347.5,9.42,9.9956,7.9731,0.70006444660487,0.215,上涨,上涨,1,2026-05-07
2026-04-27,37997,relative_core,39,2026-04-27,600699,均胜电子,汽车零部件,28.5,28.59,29.29,28.5,51112885.0,1471375822.43,2.74,-1.0042,3.772,0.6799479549825896,0.215,上涨,上涨,1,2026-05-07
2026-04-27,37997,relative_core,39,2026-04-27,600685,中船防务,航海装备Ⅱ,31.24,30.73,31.57,30.57,21324285.0,658368223.12,3.2,-1.601,2.596,0.679461615362484,0.215,上涨,上涨,1,2026-05-07
2026-04-27,37997,relative_core,39,2026-04-27,002552,宝鼎科技,元件,20.9,21.52,21.96,20.9,16418500.0,354547459.75,5.07,2.9665,4.4555,0.6774052572396305,0.215,上涨,上涨,1,2026-05-07
2026-04-27,37997,relative_core,39,2026-04-27,603005,晶方科技,半导体,31.79,31.93,32.84,31.78,50082750.0,1614332253.57,3.38,1.6879,7.6794,0.6696630630370979,0.215,上涨,上涨,1,2026-05-07
2026-04-27,37997,relative_core,39,2026-04-27,000880,潍柴重机,汽车零部件,30.64,30.16,30.64,30.08,15111186.0,458042928.38,1.84,-0.8873,6.6561,0.6531985383147962,0.215,上涨,上涨,1,2026-05-07
2026-04-27,37997,relative_core,39,2026-04-27,920047,诺思兰德,生物制品,27.32,26.8,27.58,26.77,27497.0,74219565.24,2.98,-1.54,1.53,0.6502542939282627,0.215,上涨,上涨,1,2026-05-07
2026-04-27,37997,relative_core,39,2026-04-27,002838,道恩股份,塑料,28.48,29.22,29.53,28.32,6230850.0,181020773.6,4.24,2.4904,1.4813,0.6478845304164422,0.215,上涨,上涨,1,2026-05-07
2026-04-27,37997,relative_core,39,2026-04-27,000935,四川双马,多元金融,28.41,28.62,29.08,28.4,5663836.0,162800827.29,2.39,0.4211,0.7419,0.6281155248976279,0.215,上涨,下跌,0,2026-05-07
2026-04-27,37997,relative_core,39,2026-04-27,001287,中电港,其他电子Ⅱ,27.85,27.63,28.3,27.2,33660436.0,935715394.74,3.98,0.0,4.4296,0.6245410187966851,0.215,上涨,上涨,1,2026-05-07
2026-04-27,37997,relative_core,39,2026-04-27,605566,福莱蒽特,化学制品,32.16,32.48,33.18,32.16,1675187.0,54742895.6,3.15,0.4329,1.2563,0.6242740174910454,0.215,上涨,下跌,0,2026-05-07
2026-04-27,37997,relative_core,39,2026-04-27,603816,顾家家居,家居用品,29.18,28.86,29.35,28.75,5724182.0,165851426.4,2.06,-0.8588,0.7048,0.623755634619033,0.215,上涨,上涨,1,2026-05-07
2026-04-27,37997,relative_core,39,2026-04-27,920693,阿为特,通用设备,29.12,28.63,29.69,28.57,7568.0,21955701.91,3.85,-1.68,2.07,0.6232642090135168,0.215,上涨,上涨,1,2026-05-07
2026-04-27,37997,relative_core,39,2026-04-27,920078,族兴新材,金属新材料,25.49,25.41,25.99,25.4,25948.0,66518990.33,2.3,-0.82,12.54,0.622948762211128,0.215,上涨,上涨,1,2026-05-07
2026-04-27,37997,relative_core,39,2026-04-27,002142,宁波银行,银行Ⅱ,33.3,32.84,33.88,32.68,65187971.0,2161985483.02,3.72,1.6718,0.9878,0.6206786520509665,0.215,上涨,下跌,0,2026-05-07
2026-04-27,37997,relative_core,39,2026-04-27,600885,宏发股份,电网设备,28.7,28.92,29.17,28.39,17305518.0,499797329.91,2.72,0.7666,1.1182,0.6204570646245806,0.215,上涨,上涨,1,2026-05-07
2026-04-27,37997,relative_core,39,2026-04-27,603895,天永智能,专用设备,29.02,29.4,29.73,28.32,1982240.0,57904821.4,4.9,2.1543,1.834,0.6160773559241406,0.215,上涨,上涨,1,2026-05-07
2026-04-27,37997,relative_core,39,2026-04-27,603666,亿嘉和,自动化设备,28.19,29.15,29.54,27.98,7517048.0,217694328.71,5.62,5.045,3.6574,0.615491751885941,0.215,上涨,上涨,1,2026-05-07
2026-04-27,37997,relative_core,39,2026-04-27,003023,彩虹集团,小家电,30.84,30.35,31.34,29.75,5617560.0,170328429.0,5.12,-2.1914,5.3439,0.6145026609567099,0.215,上涨,上涨,1,2026-05-07
2026-04-27,37997,relative_core,39,2026-04-27,601168,西部矿业,工业金属,29.05,28.97,29.25,28.53,46918656.0,1353228509.38,2.48,-0.3783,1.9689,0.6129385452403353,0.215,上涨,上涨,1,2026-05-07
2026-04-27,37997,relative_core,39,2026-04-27,002921,联诚精密,汽车零部件,28.21,27.82,28.6,27.7,10291070.0,290276796.38,3.21,-0.7138,8.0122,0.6076946967816118,0.215,上涨,上涨,1,2026-05-07
2026-04-27,37997,relative_core,39,2026-04-27,000963,华东医药,化学制药,35.01,34.21,35.1,34.07,15137094.0,519152854.17,2.93,-2.7572,0.8635,0.6045173467117304,0.215,上涨,下跌,0,2026-05-07
2026-04-27,37997,relative_core,39,2026-04-27,603657,春光科技,家电零部件Ⅱ,25.85,28.35,28.35,25.85,2683640.0,75096943.0,9.7,10.0116,1.9851,0.6009810165282867,0.215,上涨,上涨,1,2026-05-07
2026-04-27,37997,relative_core,39,2026-04-27,603978,深圳新星,金属新材料,25.84,26.26,26.32,25.4,10353800.0,268584650.0,3.61,3.0208,4.9048,0.5975408984422512,0.215,上涨,上涨,1,2026-05-07
2026-04-27,37997,relative_core,39,2026-04-27,002842,翔鹭钨业,小金属,31.21,30.36,31.21,29.68,31190300.0,948944134.6,4.79,-4.9765,11.6181,0.5962985922990475,0.215,上涨,上涨,1,2026-05-07
2026-04-27,37997,relative_core,39,2026-04-27,002997,瑞鹄模具,汽车零部件,29.6,29.66,29.87,29.22,3887111.0,115135100.6,2.19,0.0337,1.857,0.5952879815628369,0.215,上涨,上涨,1,2026-05-07
2026-04-27,37997,relative_core,39,2026-04-27,600176,中国巨石,玻璃玻纤,33.88,33.44,35.21,33.2,134702933.0,4557029464.72,6.09,1.3333,3.3649,0.5938441819539781,0.215,上涨,上涨,1,2026-05-07
2026-04-27,37997,relative_core,39,2026-04-27,001336,楚环科技,环保设备Ⅱ,26.29,26.73,26.88,25.72,1476900.0,38945785.0,4.43,2.1399,3.1705,0.5933181789224772,0.215,上涨,上涨,1,2026-05-07
2026-04-27,37997,relative_core,39,2026-04-27,002315,焦点科技,互联网电商,31.45,30.88,31.45,30.71,7936840.0,246125014.12,2.36,-1.4992,3.0188,0.5917455562980027,0.215,上涨,上涨,1,2026-05-07
2026-04-27,37997,relative_core,39,2026-04-27,603355,莱克电气,小家电,30.64,30.8,31.16,30.53,2647524.0,81653058.26,2.06,0.555,0.4617,0.5913271192631254,0.215,上涨,上涨,1,2026-05-07
2026-04-27,37997,relative_core,39,2026-04-27,600206,有研新材,半导体,26.9,26.7,27.75,26.31,110821910.0,2989881388.03,5.41,0.3005,13.091,0.5911261480376665,0.215,上涨,上涨,1,2026-05-07
2026-04-27,37997,relative_core,39,2026-04-27,002965,祥鑫科技,汽车零部件,29.8,30.46,31.26,29.59,7284540.0,223598205.82,5.6,2.1805,3.8256,0.5909058715427605,0.215,上涨,上涨,1,2026-05-07
2026-04-27,37997,relative_core,39,2026-04-27,920239,长虹能源,电池,30.45,30.86,31.17,30.45,14600.0,45043868.18,2.36,1.25,0.81,0.5891561225543949,0.215,上涨,上涨,1,2026-05-07
2026-04-27,37997,relative_core,39,2026-04-27,002978,安宁股份,小金属,31.74,31.82,32.03,31.13,7607286.0,241035826.6,2.71,-4.3008,2.06,0.5886175492605424,0.215,上涨,下跌,0,2026-05-07
2026-04-27,37997,relative_core,39,2026-04-27,001279,强邦新材,包装印刷,31.3,31.68,31.75,31.01,636164.0,20022311.56,2.36,1.2141,1.5904,0.5871508343894638,0.215,上涨,下跌,0,2026-05-07
2026-04-27,37997,relative_core,39,2026-04-27,002430,杭氧股份,化学制品,31.67,31.3,32.88,31.14,38419566.0,1223877114.09,5.49,-1.1683,3.9286,0.586537360246401,0.215,上涨,下跌,0,2026-05-07
2026-04-27,37997,relative_core,39,2026-04-27,002906,华阳集团,汽车零部件,30.92872293,30.90904191,31.17473568,30.59414559,10174266.0,319928678.62,1.86,-1.1331,1.9394,0.5844075808009406,0.215,上涨,下跌,0,2026-05-07
2026-04-27,37997,relative_core,39,2026-04-27,603255,鼎际得,化学制品,29.28,30.22,30.3,28.7,1633500.0,48483226.0,5.46,3.2104,2.6922,0.5842984391972867,0.215,上涨,上涨,1,2026-05-07
2026-04-27,37997,relative_core,39,2026-04-27,002378,章源钨业,小金属,30.41,29.33,30.5,28.9,55075307.0,1624852376.45,5.19,-4.7727,4.6083,0.5838133882771983,0.215,上涨,上涨,1,2026-05-07
2026-04-27,37997,relative_core,39,2026-04-27,920971,天马新材,非金属材料Ⅱ,28.15,28.31,28.95,27.8,20578.0,59099275.9,4.13,1.58,2.4,0.5811770871048069,0.215,上涨,上涨,1,2026-05-07
2026-04-27,37997,relative_core,39,2026-04-27,920592,华信永道,软件开发,31.1,30.03,31.38,30.02,9667.0,29420415.79,4.44,-1.86,1.92,0.5783424431224743,0.215,上涨,上涨,1,2026-05-07
2026-04-27,37997,relative_core,39,2026-04-27,002128,电投能源,煤炭开采,32.42,31.85,32.68,31.79,13210859.0,423179423.07,2.72,-2.7184,0.5894,0.5773175221221867,0.215,上涨,下跌,0,2026-05-07
2026-04-27,37997,relative_core,39,2026-04-27,002971,和远气体,化学制品,33.25,33.05,35.0,33.0,13905271.0,470764594.45,6.01,-0.7508,8.8908,0.5745049816743039,0.215,上涨,下跌,0,2026-05-07
2026-04-27,37997,relative_core,39,2026-04-27,600460,士兰微,半导体,28.07,28.93,29.19,27.7,64071104.0,1822357195.74,5.36,3.9899,3.8503,0.570352846184965,0.215,上涨,上涨,1,2026-05-07
2026-04-27,37997,relative_core,39,2026-04-27,603992,松霖科技,家居用品,33.39,33.36,34.0,33.03,3113852.0,104599440.38,2.9,-0.1795,0.7028,0.5695841175800601,0.215,上涨,下跌,0,2026-05-07
2026-04-27,37997,relative_core,39,2026-04-27,603665,康隆达,服装家纺,26.62,26.75,26.96,25.0,3789970.0,98843392.5,7.45,1.711,2.3663,0.5678872224716838,0.215,上涨,上涨,1,2026-05-07
2026-04-27,37997,relative_core,39,2026-04-27,000021,深科技,消费电子,29.32,29.29,29.6,29.0,72859094.0,2136163232.41,2.08,1.5251,4.6365,0.5624868681595452,0.215,上涨,上涨,1,2026-05-07
2026-04-27,37997,relative_core,39,2026-04-27,002415,海康威视,计算机设备,33.55,33.97,34.39,33.51,50032769.0,1701721545.0,2.62,1.1012,0.5531,0.560879582726942,0.215,上涨,上涨,1,2026-05-07
2026-04-27,37997,relative_core,39,2026-04-27,920976,视声智能,计算机设备,29.29,29.46,29.48,28.92,8497.0,24804067.0,1.89,-0.34,1.93,0.5569952850342431,0.215,上涨,上涨,1,2026-05-07
2026-04-27,37997,relative_core,39,2026-04-27,920086,科马材料,汽车零部件,30.04,29.85,30.19,29.23,11808.0,35093492.15,3.2,-0.4,4.42,0.556786373810439,0.215,上涨,上涨,1,2026-05-07
2026-04-27,37997,relative_core,39,2026-04-27,603496,恒为科技,计算机设备,31.74,31.14,32.2,30.91,32417148.0,1013666007.73,3.98,-3.8889,10.1237,0.5527482414242068,0.215,上涨,上涨,1,2026-05-07
2026-04-27,37997,relative_core,39,2026-04-27,920953,国子软件,IT服务Ⅱ,30.32,29.79,30.32,29.6,9718.0,28967017.06,2.37,-1.75,1.62,0.5507692225364715,0.215,上涨,上涨,1,2026-05-07
2026-04-27,37997,relative_core,39,2026-04-27,601899,紫金矿业,工业金属,34.0,33.56,34.25,33.48,231088530.0,7790164441.39,2.24,-2.186,1.1217,0.5504527199123159,0.215,上涨,上涨,1,2026-05-07
2026-04-27,37997,relative_core,39,2026-04-27,002001,新 和 成,化学制品,34.83,34.53,35.6,34.35,27420699.0,954707641.35,3.59,-0.7759,0.9029,0.5471095467006841,0.215,上涨,下跌,0,2026-05-07
2026-04-27,37997,relative_core,39,2026-04-27,603556,海兴电力,电网设备,29.45,30.15,30.24,28.49,8539600.0,252016751.68,5.94,2.2727,1.7562,0.5456862903433245,0.215,上涨,下跌,0,2026-05-07
2026-04-27,37997,relative_core,39,2026-04-27,002730,电光科技,专用设备,29.33,29.95,30.79,28.55,31608600.0,937286490.0,7.82,4.6105,9.1346,0.5424695517069869,0.215,上涨,上涨,1,2026-05-07
2026-04-27,37997,relative_core,39,2026-04-27,920018,宏远股份,电网设备,28.49,28.7,28.7,28.04,9476.0,26800007.4,2.32,0.74,2.14,0.5386343603648978,0.215,上涨,上涨,1,2026-05-07
2026-04-27,37997,relative_core,39,2026-04-27,002956,西麦食品,休闲食品,27.88,29.82,30.17,27.69,5119823.0,150717131.85,8.92,7.2662,2.2936,0.5374526040151876,0.215,上涨,上涨,1,2026-05-07
2026-04-27,37997,relative_core,39,2026-04-27,920112,巴兰仕,专用设备,33.0,32.85,33.38,32.75,1283.0,4222379.21,1.9,-1.11,0.55,0.5366954407222164,0.215,上涨,下跌,0,2026-05-07
2026-04-27,37997,relative_core,39,2026-04-27,920570,坤博精工,通用设备,28.28,28.6,28.6,27.61,3413.0,9535748.33,3.47,0.39,1.4,0.5359366186106014,0.215,上涨,上涨,1,2026-05-07
2026-04-27,37997,relative_core,39,2026-04-27,002895,川恒股份,农化制品,36.3,36.11,36.56,35.94,6534028.0,236949041.47,1.71,-0.6056,1.0982,0.535917495693755,0.215,上涨,下跌,0,2026-05-07
2026-04-27,37997,relative_core,39,2026-04-27,002422,科伦药业,化学制药,33.37708165,32.77560396,33.45596397,32.67700106,9854113.0,328260078.86,2.33,-2.0336,0.7546,0.533229794014976,0.215,上涨,上涨,1,2026-05-07
2026-04-27,37997,relative_core,39,2026-04-27,920110,雷特科技,其他电源设备Ⅱ,32.85,31.71,33.1,31.33,6166.0,19732954.2,5.14,-7.87,3.8,0.5306243027431984,0.215,上涨,上涨,1,2026-05-07
2026-04-27,37997,relative_core,39,2026-04-27,600323,瀚蓝环境,环境治理,29.74,30.82,31.94,29.73,12254365.0,380084645.43,7.32,2.0868,1.503,0.5264329164721182,0.215,上涨,上涨,1,2026-05-07
2026-04-27,37997,relative_core,39,2026-04-27,920092,汉鑫科技,IT服务Ⅱ,29.69,29.38,29.81,28.77,8116.0,23659220.21,3.49,-1.48,2.46,0.5247259849392829,0.215,上涨,上涨,1,2026-05-07
2026-04-27,37997,relative_core,39,2026-04-27,600520,三佳科技,专用设备,28.97,29.35,29.55,28.51,8177000.0,238458483.0,3.58,0.8938,5.1613,0.5235281630793021,0.215,上涨,上涨,1,2026-05-07
2026-04-27,37997,relative_core,39,2026-04-27,920003,中诚咨询,工程咨询服务Ⅱ,30.3,29.86,30.49,29.81,9469.0,28468730.04,2.23,-2.1,7.11,0.5232415330613323,0.215,上涨,上涨,1,2026-05-07
2026-04-27,37997,relative_core,39,2026-04-27,920199,倍益康,小家电,32.5,32.14,32.88,31.91,8975.0,28897384.66,2.96,-1.8,2.37,0.5231911239836027,0.215,上涨,上涨,1,2026-05-07
2026-04-27,37997,relative_core,39,2026-04-27,002558,巨人网络,游戏Ⅱ,31.31,31.52,31.88,31.3,32933970.0,1040177622.14,1.86,1.1553,1.7329,0.5194798735679917,0.215,上涨,上涨,1,2026-05-07
2026-04-27,37997,relative_core,39,2026-04-27,600547,山东黄金,贵金属,35.43,35.64,35.93,35.26,33670348.0,1195909740.77,1.87,-0.558,0.9316,0.5189086684172437,0.215,上涨,上涨,1,2026-05-07
2026-04-27,37997,relative_core,39,2026-04-27,605128,上海沿浦,汽车零部件,33.24,33.61,33.7,33.2,1214291.0,40677783.11,1.51,1.5408,0.5751,0.517562326756775,0.215,上涨,上涨,1,2026-05-07
2026-04-27,37997,relative_core,39,2026-04-27,920046,亿能电力,电网设备,25.2,25.66,25.75,24.7,36506.0,91960697.86,4.2,2.72,6.53,0.5147090725138014,0.215,上涨,上涨,1,2026-05-07
2026-04-27,37997,relative_core,39,2026-04-27,600171,上海贝岭,半导体,28.1,29.37,29.66,28.06,25082739.0,731174011.1,5.63,3.27,3.5381,0.5050797231686859,0.215,上涨,上涨,1,2026-05-07
2026-04-27,37997,relative_core,39,2026-04-27,002396,星网锐捷,通信设备,27.4,27.28,28.4,26.61,26209108.0,720734771.02,6.53,-0.4743,4.4934,0.5049255216345545,0.215,上涨,上涨,1,2026-05-07
2026-04-27,37997,relative_core,39,2026-04-27,600779,水井坊,白酒Ⅱ,33.05,32.35,33.05,32.25,3042269.0,98674496.53,2.42,-2.118,0.6241,0.5031842973116746,0.215,上涨,上涨,1,2026-05-07
2026-04-27,37997,relative_core,39,2026-04-27,001228,永泰运,物流,31.7,31.58,32.03,30.82,1937440.0,60609781.2,3.82,-0.3785,2.4259,0.5015870239689519,0.215,上涨,下跌,0,2026-05-07
2026-04-27,37997,relative_core,39,2026-04-27,600330,天通股份,电子化学品Ⅱ,27.6,27.42,28.48,26.84,261454859.0,7228661916.56,6.33,5.9096,21.1973,0.5009086516398945,0.215,上涨,上涨,1,2026-05-07
2026-04-27,37997,relative_core,39,2026-04-27,002436,兴森科技,元件,28.3,29.23,30.38,28.18,198532974.0,5836850425.42,7.71,2.4895,13.0792,0.49885990980434924,0.215,上涨,上涨,1,2026-05-07
2026-04-27,37997,relative_core,39,2026-04-27,600160,巨化股份,化学制品,35.05,35.88,36.2,34.91,47078929.0,1684272760.4,3.68,2.368,1.7438,0.4930267316590183,0.215,上涨,上涨,1,2026-05-07
2026-04-27,37997,relative_core,39,2026-04-27,600612,老凤祥,饰品,40.24,39.3,40.28,39.3,2157761.0,85434685.58,2.43,-2.5056,0.6804,0.4902399976936379,0.215,上涨,上涨,1,2026-05-07
2026-04-27,37997,relative_core,39,2026-04-27,002976,瑞玛精密,汽车零部件,29.79,29.63,29.81,28.7,3094180.0,90667955.6,3.84,2.526,4.6407,0.48949708152359,0.215,上涨,上涨,1,2026-05-07
2026-04-27,37997,relative_core,39,2026-04-27,920396,常辅股份,自动化设备,29.1,28.77,29.13,28.18,13136.0,37613134.97,3.26,-1.17,2.56,0.48843236905927534,0.215,上涨,上涨,1,2026-05-07
2026-04-27,37997,relative_core,39,2026-04-27,603220,中贝通信,通信服务,31.84,31.55,32.33,30.88,59237189.0,1873680837.41,4.55,-0.9108,13.6409,0.4880735000904025,0.215,上涨,下跌,0,2026-05-07
2026-04-27,37997,relative_core,39,2026-04-27,603322,超讯通信,通信服务,31.2,32.2,32.31,30.84,14386500.0,452718325.92,4.29,-6.0403,9.1293,0.4874108274129064,0.215,上涨,上涨,1,2026-05-07
2026-04-27,37997,relative_core,39,2026-04-27,605086,龙高股份,非金属材料Ⅱ,30.97,31.15,32.1,30.42,2097967.0,65068986.72,5.38,-0.1603,1.1707,0.4872723016429474,0.215,上涨,上涨,1,2026-05-07
2026-04-27,37997,relative_core,39,2026-04-27,920050,爱舍伦,医疗器械,33.03,32.95,33.6,32.95,5131.0,17007827.19,1.96,-0.6,2.83,0.48418987942312636,0.215,上涨,上涨,1,2026-05-07
2026-04-27,37997,relative_core,39,2026-04-27,002273,水晶光电,光学光电子,32.43,32.85,33.66,32.32,68172674.0,2248550570.97,4.17,2.3364,5.005,0.48339745251579347,0.215,上涨,上涨,1,2026-05-07
2026-04-27,37997,relative_core,39,2026-04-27,600605,汇通能源,一般零售,31.94028084,32.83916304,34.1575236,31.8104423,8314780.0,274705911.0,7.39,3.3312,4.0308,0.48235145132934,0.215,上涨,上涨,1,2026-05-07
2026-04-27,37997,relative_core,39,2026-04-27,000933,神火股份,工业金属,32.6,32.12,32.8,31.8,46182725.0,1484470440.32,3.05,-2.1924,2.0549,0.4818435379936746,0.215,上涨,下跌,0,2026-05-07
2026-04-27,37997,relative_core,39,2026-04-27,002801,微光股份,电机Ⅱ,31.64,31.79,32.06,31.46,1471750.0,46739208.0,1.9,0.4423,1.2709,0.4769549717017227,0.215,上涨,上涨,1,2026-05-07
2026-04-27,37997,relative_core,39,2026-04-27,600378,昊华科技,化学制品,35.61,35.8,36.11,35.0,17346286.0,617225197.02,3.15,1.5603,1.6173,0.47665567337405323,0.215,上涨,下跌,0,2026-05-07
2026-04-27,37997,relative_core,39,2026-04-27,002190,成飞集成,汽车零部件,30.5,30.66,30.72,30.11,2883000.0,87875114.0,2.0,0.3272,0.8037,0.47345986696204956,0.215,上涨,下跌,0,2026-05-07
2026-04-27,37997,relative_core,39,2026-04-27,603658,安图生物,医疗器械,33.46,33.5,33.78,33.46,1631099.0,54793496.74,0.95,-0.2085,0.2854,0.47295292557611074,0.215,上涨,上涨,1,2026-05-07
2026-04-27,37997,relative_core,39,2026-04-27,002444,巨星科技,通用设备,31.35,31.52,32.12,31.26,12671870.0,400731418.41,2.72,-0.19,1.1048,0.47084764798945355,0.215,上涨,上涨,1,2026-05-07
2026-04-27,37997,relative_core,39,2026-04-27,920725,惠丰钻石,通用设备,31.58,31.05,32.3,30.88,19585.0,61690202.07,4.57,-0.1,4.71,0.46720875507722287,0.215,上涨,上涨,1,2026-05-07
2026-04-27,37997,relative_core,39,2026-04-27,603868,飞科电器,小家电,35.6,34.48,35.67,34.0,2657197.0,91584052.4,4.75,-1.934,0.61,0.46685579628697493,0.215,上涨,上涨,1,2026-05-07
2026-04-27,37997,relative_core,39,2026-04-27,002891,中宠股份,饲料,37.33,36.0,37.33,35.21,19611921.0,704502696.09,5.54,-5.9561,6.0926,0.46127016370788787,0.215,上涨,下跌,0,2026-05-07
2026-04-27,37997,relative_core,39,2026-04-27,000938,紫光股份,IT服务Ⅱ,31.98,32.19,32.86,31.25,228551343.0,7349564292.54,5.14,2.7778,7.9911,0.45974299468697816,0.215,上涨,上涨,1,2026-05-07
2026-04-27,37997,relative_core,39,2026-04-27,601877,正泰电器,电网设备,32.28,31.97,32.29,31.83,22512111.0,719808700.61,1.42,-1.2967,1.0476,0.45926110146553556,0.215,上涨,上涨,1,2026-05-07
2026-04-27,37997,relative_core,39,2026-04-27,002759,天际股份,电池,33.0,34.4,34.8,33.0,48498561.0,1652758840.01,5.39,2.9632,9.6815,0.45823205230138175,0.215,上涨,上涨,1,2026-05-07
2026-04-27,37997,relative_core,39,2026-04-27,002841,视源股份,消费电子,36.94922222,37.03750016,37.52793316,36.782475,6548900.0,248047067.28,2.01,0.106,1.2609,0.4573461482458774,0.215,上涨,上涨,1,2026-05-07
2026-04-27,37997,relative_core,39,2026-04-27,002902,铭普光磁,通信设备,28.5,28.61,28.61,28.5,15331770.0,438467611.07,0.42,9.9962,8.6312,0.45588354516830787,0.215,上涨,上涨,1,2026-05-07
2026-04-27,37997,relative_core,39,2026-04-27,603216,梦天家居,家居用品,29.42,29.99,30.23,28.69,3467700.0,102380746.0,5.23,1.9375,1.5572,0.45452824612956433,0.215,上涨,下跌,0,2026-05-07
2026-04-27,37997,relative_core,39,2026-04-27,605088,冠盛股份,汽车零部件,36.5,36.27,36.8,36.25,3556200.0,129776247.0,1.5,-1.0638,1.7806,0.4545132235433516,0.215,上涨,下跌,0,2026-05-07
2026-04-27,37997,relative_core,39,2026-04-27,002138,顺络电子,元件,35.4,35.57,36.29,35.38,27100294.0,972123352.43,2.58,0.9651,3.5823,0.4526626308788618,0.215,上涨,上涨,1,2026-05-07
2026-04-27,37997,relative_core,39,2026-04-27,600673,东阳光,综合Ⅱ,32.92,32.48,33.38,32.01,53403337.0,1739491779.3,4.18,-0.7941,1.7792,0.4512923220991425,0.215,上涨,上涨,1,2026-05-07
2026-04-27,37997,relative_core,39,2026-04-27,002294,信立泰,化学制药,55.2,54.68,55.8,54.45,11672922.0,639897202.6,2.43,-1.513,1.0473,0.4505662806876038,0.215,上涨,下跌,0,2026-05-07
2026-04-27,37997,relative_core,39,2026-04-27,000807,云铝股份,工业金属,34.2,33.43,34.55,33.35,52763297.0,1791732736.96,3.51,-2.1656,1.5215,0.44644463137520485,0.215,上涨,下跌,0,2026-05-07
2026-04-27,37997,relative_core,39,2026-04-27,002933,新兴装备,航空装备Ⅱ,31.56,31.82,31.95,30.93,1706000.0,53577974.0,3.23,0.8238,1.4613,0.4434311103950279,0.215,上涨,下跌,0,2026-05-07
2026-04-27,37997,relative_core,39,2026-04-27,002580,圣阳股份,电池,27.26,28.82,30.15,26.5,159183330.0,4453488994.39,13.18,4.0433,35.1912,0.44323816042671904,0.215,上涨,上涨,1,2026-05-07
2026-04-27,37997,relative_core,39,2026-04-27,603826,坤彩科技,非金属材料Ⅱ,35.38,35.85,36.49,35.12,15509841.0,555702078.41,3.94,3.0172,2.3672,0.44237465226269274,0.215,上涨,下跌,0,2026-05-07
2026-04-27,37997,relative_core,39,2026-04-27,920509,同惠电子,通用设备,31.89,32.16,32.46,31.44,17045.0,54718050.45,3.2,0.75,2.03,0.4419531323079601,0.215,上涨,上涨,1,2026-05-07
2026-04-27,37997,relative_core,39,2026-04-27,603860,中公高科,工程咨询服务Ⅱ,31.65,32.14,32.37,31.32,1812125.0,57758727.0,3.33,1.8378,2.7176,0.4402285395007718,0.215,上涨,上涨,1,2026-05-07
2026-04-27,37997,relative_core,39,2026-04-27,002655,共达电声,消费电子,25.1,25.9,26.5,24.55,41292000.0,1057730264.0,7.75,2.9821,11.3735,0.4349381059130743,0.215,上涨,上涨,1,2026-05-07
2026-04-27,37997,relative_core,39,2026-04-27,600593,大连圣亚,旅游及景区,33.0,34.1,34.18,32.33,3880900.0,129572015.0,5.6,3.302,3.0131,0.4307237572284508,0.215,上涨,下跌,0,2026-05-07
2026-04-27,37997,relative_core,39,2026-04-27,603659,璞泰来,电池,37.0,36.97,37.5,36.34,64647969.0,2387359106.33,3.16,0.7083,3.026,0.43045540144024463,0.215,上涨,下跌,0,2026-05-07
2026-04-27,37997,relative_core,39,2026-04-27,603194,中力股份,工程机械,33.6,35.7,35.72,33.26,4233684.0,147402268.58,7.34,6.5672,2.6791,0.4292466515785947,0.215,上涨,下跌,0,2026-05-07
2026-04-27,37997,relative_core,39,2026-04-27,603383,顶点软件,软件开发,32.54,33.53,33.53,32.4,6971027.0,231005008.72,3.48,3.1692,3.3943,0.42889806757932847,0.215,上涨,下跌,0,2026-05-07
2026-04-27,37997,relative_core,39,2026-04-27,001328,登康口腔,个护用品,33.01,33.79,33.88,32.8,1516204.0,50771404.6,3.28,2.4871,0.9376,0.4273715627597824,0.215,上涨,下跌,0,2026-05-07
2026-04-27,37997,relative_core,39,2026-04-27,600096,云天化,农化制品,35.32,35.19,35.59,34.7,63729003.0,2237017743.98,2.5,-1.3457,3.4958,0.42593429921646664,0.215,上涨,下跌,0,2026-05-07
2026-04-27,37997,relative_core,39,2026-04-27,001311,多利科技,汽车零部件,29.17,29.88,30.15,28.81,5144753.0,152573755.96,4.59,2.434,3.7758,0.42221975816806007,0.215,上涨,上涨,1,2026-05-07
2026-04-27,37997,relative_core,39,2026-04-27,002899,英派斯,文娱用品,32.97,32.81,33.22,32.6,2315200.0,76175604.05,1.87,-0.7862,1.5665,0.421123070048018,0.215,上涨,上涨,1,2026-05-07
2026-04-27,37997,relative_core,39,2026-04-27,920035,精创电气,自动化设备,29.0,29.77,29.92,28.94,5555.0,19901137.72,3.34,1.57,4.27,0.41862657528397496,0.215,上涨,上涨,1,2026-05-07
2026-04-27,37997,relative_core,39,2026-04-27,000526,学大教育,教育,34.74,35.04,35.28,34.51,2086150.0,72763865.0,2.21,0.5452,1.7463,0.4167015406849873,0.215,上涨,上涨,1,2026-05-07
2026-04-27,37997,relative_core,39,2026-04-27,600456,宝钛股份,小金属,34.77,35.05,35.06,34.4,7518989.0,261106773.25,1.89,0.2001,1.5737,0.4156721737978899,0.215,上涨,上涨,1,2026-05-07
2026-04-27,37997,relative_core,39,2026-04-27,603072,天和磁材,金属新材料,35.52,35.66,35.8,35.07,1439226.0,51138801.56,2.05,0.1123,1.1402,0.4140796264627489,0.215,上涨,上涨,1,2026-05-07
2026-04-27,37997,relative_core,39,2026-04-27,601606,长城军工,地面兵装Ⅱ,38.34,37.8,38.34,37.15,12610229.0,474278159.1,3.09,-1.9455,1.7412,0.4120906553575135,0.215,上涨,上涨,1,2026-05-07
2026-04-27,37997,relative_core,39,2026-04-27,600141,兴发集团,农化制品,33.0,32.51,33.06,32.28,26193679.0,855767002.82,2.36,-1.5445,2.1796,0.4087187371682511,0.215,上涨,下跌,0,2026-05-07
2026-04-27,37997,relative_core,39,2026-04-27,003017,大洋生物,化学原料,31.33,31.93,32.43,30.9,4088080.0,130319650.8,4.85,1.3008,5.9001,0.4065653661123975,0.215,上涨,上涨,1,2026-05-07
2026-04-27,37997,relative_core,39,2026-04-27,603198,迎驾贡酒,白酒Ⅱ,39.02,38.4,39.18,38.01,10892140.0,420235317.55,2.94,-3.6386,1.3615,0.40405683582291435,0.215,上涨,下跌,0,2026-05-07
2026-04-27,37997,relative_core,39,2026-04-27,002937,兴瑞科技,汽车零部件,33.37,32.59,33.6,31.45,10044089.0,325511049.6,6.44,-2.4251,3.3824,0.40329069286850266,0.215,上涨,上涨,1,2026-05-07
2026-04-27,37997,relative_core,39,2026-04-27,603678,火炬电子,军工电子Ⅱ,34.49,34.58,34.94,34.25,7132117.0,247077294.18,2.0,0.3774,1.4997,0.40166902432492957,0.215,上涨,下跌,0,2026-05-07
2026-04-27,37997,relative_core,39,2026-04-27,920060,万源通,元件,33.41,32.95,34.05,32.71,45889.0,153045882.16,4.01,-1.38,4.84,0.4003886323768779,0.215,上涨,下跌,0,2026-05-07
2026-04-27,37997,relative_core,39,2026-04-27,920111,聚星科技,电网设备,35.01,33.95,35.95,33.69,109555.0,381371327.36,6.49,-2.53,14.55,0.39994777041885937,0.215,上涨,上涨,1,2026-05-07
2026-04-27,37997,relative_core,39,2026-04-27,920839,万通液压,工程机械,33.8,34.51,34.98,33.74,7024.0,24284929.72,3.64,1.44,1.08,0.3942340674987621,0.215,上涨,下跌,0,2026-05-07
2026-04-27,37997,relative_core,39,2026-04-27,601069,西部黄金,贵金属,31.5,31.96,32.4,31.35,10257575.0,326496215.31,3.29,0.1881,1.1562,0.3929982327854459,0.215,上涨,上涨,1,2026-05-07
2026-04-27,37997,relative_core,39,2026-04-27,002402,和而泰,家电零部件Ⅱ,31.64,32.96,33.59,31.6,63393246.0,2079836270.13,6.32,4.6349,7.7915,0.3924915180965367,0.215,上涨,上涨,1,2026-05-07
2026-04-27,37997,relative_core,39,2026-04-27,002864,盘龙药业,中药Ⅱ,30.24,30.33,30.42,29.72,2449313.0,73620685.96,2.32,0.4637,3.324,0.3913308244087267,0.215,上涨,上涨,1,2026-05-07
2026-04-27,37997,relative_core,39,2026-04-27,603059,倍加洁,个护用品,33.01,33.86,34.17,32.82,1936800.0,65202490.0,4.05,1.5292,1.9281,0.3910769103218861,0.215,上涨,上涨,1,2026-05-07
2026-04-27,37997,relative_core,39,2026-04-27,601601,中国太保,保险Ⅱ,36.58,36.36,37.1,36.23,26072293.0,951532992.17,2.38,-0.71,0.3809,0.3857275110680018,0.215,上涨,上涨,1,2026-05-07
2026-04-27,37997,relative_core,39,2026-04-27,002407,多氟多,化学制品,33.63,34.52,34.89,33.52,228532323.0,7813017767.03,4.15,4.4794,21.1846,0.38534740700406306,0.215,上涨,上涨,1,2026-05-07
2026-04-27,37997,relative_core,39,2026-04-27,920121,江天科技,包装印刷,35.56,35.71,36.27,35.41,1494.0,5316148.07,2.4,-0.25,1.26,0.3853400613930539,0.215,上涨,上涨,1,2026-05-07
2026-04-27,37997,relative_core,39,2026-04-27,600114,东睦股份,通用设备,33.29,33.68,34.2,33.04,16303891.0,549920409.85,3.49,1.3237,2.6451,0.3849830320638481,0.215,上涨,上涨,1,2026-05-07
2026-04-27,37997,relative_core,39,2026-04-27,603288,海天味业,调味发酵品Ⅱ,39.85,39.85,40.42,39.59,12356403.0,493013720.87,2.08,-0.1754,0.2222,0.3790186668143917,0.215,上涨,下跌,0,2026-05-07
2026-04-27,37997,relative_core,39,2026-04-27,603358,华达科技,汽车零部件,35.02,33.8,35.67,33.78,10914941.0,373832714.47,5.34,-4.5737,2.3979,0.37901773371004094,0.215,上涨,下跌,0,2026-05-07
2026-04-27,37997,relative_core,39,2026-04-27,603197,保隆科技,汽车零部件,33.64,33.21,33.84,33.13,2334537.0,77905650.07,2.11,-1.5125,1.1056,0.376580874177554,0.215,上涨,上涨,1,2026-05-07
2026-04-27,37997,relative_core,39,2026-04-27,600938,中国海油,油气开采Ⅱ,38.38,38.82,39.18,38.1,52421955.0,2033081019.05,2.81,1.1464,1.7532,0.3763071974764563,0.215,上涨,下跌,0,2026-05-07
2026-04-27,37997,relative_core,39,2026-04-27,605058,澳弘电子,元件,36.45,36.93,37.65,36.45,3645350.0,135084096.5,3.29,1.3169,2.5506,0.37186318712969535,0.215,上涨,上涨,1,2026-05-07
2026-04-27,37997,relative_core,39,2026-04-27,603281,江瀚新材,化学制品,33.85,34.55,35.26,33.85,2619820.0,91052584.6,4.1,0.4069,0.7017,0.3696146470530692,0.215,上涨,上涨,1,2026-05-07
2026-04-27,37997,relative_core,39,2026-04-27,920779,武汉蓝电,电池,33.63,33.36,34.1,32.91,10629.0,35496986.66,3.5,-1.91,5.31,0.3665263651424802,0.215,上涨,上涨,1,2026-05-07
2026-04-27,37997,relative_core,39,2026-04-27,603319,美湖股份,汽车零部件,37.4,37.47,38.0,37.18,12545253.0,471503243.38,2.19,0.0267,3.699,0.36425084328859897,0.215,上涨,上涨,1,2026-05-07
2026-04-27,37997,relative_core,39,2026-04-27,601698,中国卫通,航天装备Ⅱ,35.7,36.84,37.58,35.33,78697771.0,2848943710.22,6.23,2.0781,1.8629,0.3639766371788274,0.215,上涨,上涨,1,2026-05-07
2026-04-27,37997,relative_core,39,2026-04-27,600066,宇通客车,商用车,36.97,36.48,37.3,36.21,18761921.0,687103173.55,2.95,-1.3254,0.8474,0.36127256374856936,0.215,上涨,下跌,0,2026-05-07
2026-04-27,37997,relative_core,39,2026-04-27,603813,*ST原尚,物流,33.0,34.99,34.99,32.17,1878600.0,63696442.0,8.46,5.012,1.7889,0.35988597021759505,0.215,上涨,上涨,1,2026-05-07
2026-04-27,37997,relative_core,39,2026-04-27,001277,速达股份,专用设备,35.22,35.98,36.27,34.9,1329500.0,47446197.0,3.9,2.5363,2.9188,0.3588418629793288,0.215,上涨,上涨,1,2026-05-07
2026-04-27,37997,relative_core,39,2026-04-27,920799,艾融软件,软件开发,35.67,35.72,36.54,35.56,18034.0,64854393.6,2.74,0.03,1.5,0.35776981742875136,0.215,上涨,上涨,1,2026-05-07
2026-04-27,37997,relative_core,39,2026-04-27,603173,福斯达,专用设备,38.22,38.58,39.0,37.62,2165492.0,83136247.48,3.6,0.5473,1.3534,0.35311157663137216,0.215,上涨,上涨,1,2026-05-07
2026-04-27,37997,relative_core,39,2026-04-27,000792,盐湖股份,农化制品,37.5,37.67,38.05,37.1,79994498.0,3006809241.22,2.54,0.6681,1.5117,0.35237898952423224,0.215,上涨,上涨,1,2026-05-07
2026-04-27,37997,relative_core,39,2026-04-27,603685,晨丰科技,光学光电子,31.34,33.79,33.89,31.34,5231428.0,172486384.97,8.04,6.5259,2.5967,0.35215109897181707,0.215,上涨,下跌,0,2026-05-07
2026-04-27,37997,relative_core,39,2026-04-27,605488,福莱新材,塑料,32.66,32.69,33.17,32.55,4407120.0,145037367.68,1.89,-0.4568,1.5956,0.3518093649151107,0.215,上涨,上涨,1,2026-05-07
2026-04-27,37997,relative_core,39,2026-04-27,002985,北摩高科,航空装备Ⅱ,39.0,37.24,39.28,37.2,15714557.0,592414125.9,5.29,-5.314,4.7485,0.35016613582030265,0.215,上涨,下跌,0,2026-05-07
2026-04-27,37997,relative_core,39,2026-04-27,603590,康辰药业,生物制品,35.26,35.78,35.88,34.83,2478700.0,87784912.0,2.98,1.5035,1.5666,0.34955522053319826,0.215,上涨,下跌,0,2026-05-07
2026-04-27,37997,relative_core,39,2026-04-27,603380,易德龙,消费电子,35.18,36.9,37.21,34.9,2879700.0,104826859.0,6.57,4.8891,1.7949,0.3489433909566023,0.215,上涨,上涨,1,2026-05-07
2026-04-27,37997,relative_core,39,2026-04-27,001388,信通电子,电网设备,37.06,37.3,37.39,36.4,1356456.0,50008314.61,2.64,-0.4537,4.3476,0.34628013024860116,0.215,上涨,上涨,1,2026-05-07
2026-04-27,37997,relative_core,39,2026-04-27,002988,豪美新材,工业金属,33.36,34.18,34.66,32.67,4961213.0,168002155.14,5.94,1.969,1.9863,0.34520597472300074,0.215,上涨,上涨,1,2026-05-07
2026-04-27,37997,relative_core,39,2026-04-27,603722,阿科力,化学制品,38.5,38.72,38.95,37.71,1404900.0,53687511.0,3.2,-0.1547,1.468,0.3447359526331128,0.215,上涨,上涨,1,2026-05-07
2026-04-27,37997,relative_core,39,2026-04-27,603489,八方股份,电机Ⅱ,34.51,35.11,35.2,34.42,5064978.0,176961176.17,2.26,1.7386,2.1588,0.3414325987000877,0.215,上涨,上涨,1,2026-05-07
2026-04-27,37997,relative_core,39,2026-04-27,603596,伯特利,汽车零部件,31.3037572,31.75957208,31.88022896,31.2367256,9227546.0,436082887.05,2.04,0.8514,1.5214,0.3413335357619568,0.215,上涨,上涨,1,2026-05-07
2026-04-27,37997,relative_core,39,2026-04-27,000513,丽珠集团,化学制药,32.82,32.54,32.92,32.38,5648018.0,183882405.53,1.65,-0.7927,0.9941,0.34101583689264653,0.215,上涨,下跌,0,2026-05-07
2026-04-27,37997,relative_core,39,2026-04-27,001395,亚联机械,专用设备,40.41,40.22,40.5,39.58,799844.0,32029915.16,2.29,0.0996,1.7058,0.3389929529683351,0.215,上涨,下跌,0,2026-05-07
2026-04-27,37997,relative_core,39,2026-04-27,603068,博通集成,半导体,33.66,34.15,34.23,33.11,3861436.0,130523553.77,3.34,1.7884,2.544,0.3343979570159585,0.215,上涨,上涨,1,2026-05-07
2026-04-27,37997,relative_core,39,2026-04-27,603199,九华旅游,旅游及景区,38.02,37.65,38.28,37.2,2740090.0,103133868.1,2.84,-0.9732,2.4757,0.3342802522481631,0.215,上涨,下跌,0,2026-05-07
2026-04-27,37997,relative_core,39,2026-04-27,920748,路桥信息,IT服务Ⅱ,34.6,33.87,34.65,33.06,8413.0,28224627.22,4.61,-1.88,2.36,0.3334185703774666,0.215,上涨,上涨,1,2026-05-07
2026-04-27,37997,relative_core,39,2026-04-27,000762,西藏矿业,能源金属,37.77,37.47,38.74,37.25,51804662.0,1953479284.3,3.87,-2.6753,9.9471,0.3255640818185971,0.215,上涨,上涨,1,2026-05-07
2026-04-27,37997,relative_core,39,2026-04-27,920026,卓兆点胶,专用设备,36.61,37.11,37.5,36.1,8048.0,29800252.47,3.83,1.39,2.16,0.32523615757730034,0.215,上涨,下跌,0,2026-05-07
2026-04-27,37997,relative_core,39,2026-04-27,605258,协和电子,元件,36.98,38.08,38.13,36.81,3462601.0,130374912.01,3.55,2.3381,3.9348,0.3235603658753232,0.215,上涨,上涨,1,2026-05-07
2026-04-27,37997,relative_core,39,2026-04-27,920177,恒道科技,通用设备,33.59,33.07,33.6,32.56,15007.0,49394366.49,3.1,-1.31,12.75,0.323296015332152,0.215,上涨,上涨,1,2026-05-07
2026-04-27,37997,relative_core,39,2026-04-27,603280,南方路机,工程机械,34.0,34.52,34.61,33.46,1345300.0,45930563.0,3.39,1.7689,4.8147,0.3217926215811873,0.215,上涨,下跌,0,2026-05-07
2026-04-27,37997,relative_core,39,2026-04-27,603099,长白山,旅游及景区,33.62,34.26,34.41,33.02,4571000.0,154040120.0,4.13,1.843,1.7141,0.3213920405554045,0.215,上涨,上涨,1,2026-05-07
2026-04-27,37997,relative_core,39,2026-04-27,920284,灵鸽科技,专用设备,32.4,33.53,34.98,31.8,55995.0,187054953.2,9.73,2.63,8.35,0.3196126133835917,0.215,上涨,上涨,1,2026-05-07
2026-04-27,37997,relative_core,39,2026-04-27,002352,顺丰控股,物流,36.55,36.88,37.28,36.41,21399731.0,791202887.03,2.38,1.0411,0.4486,0.315707906892576,0.215,上涨,上涨,1,2026-05-07
2026-04-27,37997,relative_core,39,2026-04-27,920005,鼎佳精密,消费电子,35.26,34.6,35.26,34.08,5026.0,17328925.64,3.32,-2.62,2.34,0.31549162570488454,0.215,上涨,上涨,1,2026-05-07
2026-04-27,37997,relative_core,39,2026-04-27,920101,志高机械,工程机械,34.15,34.87,34.94,34.1,3014.0,10397360.37,2.45,1.69,1.08,0.3148925179159585,0.215,上涨,上涨,1,2026-05-07
2026-04-27,37997,relative_core,39,2026-04-27,603618,杭电股份,电网设备,30.05,30.36,30.64,28.88,99458192.0,2962350582.43,5.76,-0.6545,14.3856,0.3123350511286685,0.215,上涨,上涨,1,2026-05-07
2026-04-27,37997,relative_core,39,2026-04-27,601995,中金公司,证券Ⅱ,33.79,34.03,34.28,33.75,14626511.0,498027938.5,1.57,0.8595,0.5003,0.3118819955733403,0.215,上涨,上涨,1,2026-05-07
2026-04-27,37997,relative_core,39,2026-04-27,002827,高争民爆,化学制品,31.98,32.22,32.22,30.19,4956390.0,154022657.4,6.38,1.1935,1.7958,0.311088654406405,0.215,上涨,下跌,0,2026-05-07
2026-04-27,37997,relative_core,39,2026-04-27,601628,中国人寿,保险Ⅱ,36.7,36.67,36.94,36.54,13825820.0,507444531.04,1.09,-0.2991,0.0664,0.31062388111383055,0.215,上涨,上涨,1,2026-05-07
2026-04-27,37997,relative_core,39,2026-04-27,603867,新化股份,化学制品,33.8,33.79,34.0,32.8,6924780.0,232042993.91,3.56,0.2968,3.2106,0.3091650969501747,0.215,上涨,上涨,1,2026-05-07
2026-04-27,37997,relative_core,39,2026-04-27,000063,中兴通讯,通信设备,35.8,37.26,37.78,35.34,168435634.0,6228963623.27,6.71,2.4189,4.182,0.30791593825439223,0.215,上涨,上涨,1,2026-05-07
2026-04-27,37997,relative_core,39,2026-04-27,920055,隆源股份,汽车零部件,33.68,33.11,33.69,32.5,13545.0,44778905.9,3.54,-1.49,8.85,0.3078752438710528,0.215,上涨,上涨,1,2026-05-07
2026-04-27,37997,relative_core,39,2026-04-27,002380,科远智慧,IT服务Ⅱ,35.6,35.05,35.78,34.25,9841802.0,342900277.08,4.3,-1.5449,6.9209,0.3078707308402334,0.215,上涨,上涨,1,2026-05-07
2026-04-27,37997,relative_core,39,2026-04-27,603082,北自科技,自动化设备,36.33,36.92,36.95,36.11,863700.0,31625131.0,2.31,1.3729,2.1296,0.3076195551381852,0.215,上涨,下跌,0,2026-05-07
2026-04-27,37997,relative_core,39,2026-04-27,603127,昭衍新药,医疗服务,37.22,37.23,38.32,36.8,21704266.0,810526360.18,4.04,-1.0104,3.4432,0.3074643493288737,0.215,上涨,上涨,1,2026-05-07
2026-04-27,37997,relative_core,39,2026-04-27,600895,张江高科,房地产开发,35.73,35.87,36.16,34.75,37243232.0,1324787983.88,3.82,-2.7913,2.4048,0.2957926255254527,0.215,上涨,上涨,1,2026-05-07
2026-04-27,37997,relative_core,39,2026-04-27,600426,华鲁恒升,农化制品,37.47,37.94,38.16,37.05,21333363.0,805809675.46,2.95,0.8506,1.0049,0.292580965063412,0.215,上涨,下跌,0,2026-05-07
2026-04-27,37997,relative_core,39,2026-04-27,001229,魅视科技,计算机设备,37.81,38.02,38.41,37.11,1863300.0,70473855.0,3.4,-0.6013,3.5371,0.2912218044334094,0.215,上涨,下跌,0,2026-05-07
2026-04-27,37997,relative_core,39,2026-04-27,603396,金辰股份,光伏设备,34.41,34.65,34.79,33.87,2491800.0,85899272.0,2.66,0.0867,1.7988,0.2848598245561804,0.215,上涨,上涨,1,2026-05-07
2026-04-27,37997,relative_core,39,2026-04-27,600036,招商银行,银行Ⅱ,39.52,39.38,39.99,39.32,92616843.0,3669782210.54,1.7,0.0,0.449,0.2842238992770617,0.215,上涨,下跌,0,2026-05-07
2026-04-27,37997,relative_core,39,2026-04-27,002074,国轩高科,电池,39.67,39.46,40.16,39.1,45494719.0,1794872882.78,2.66,-1.0532,2.6204,0.2816596534909238,0.215,上涨,下跌,0,2026-05-07
2026-04-27,37997,relative_core,39,2026-04-27,600316,洪都航空,航空装备Ⅱ,39.2,37.75,40.41,37.2,19615197.0,751243185.62,8.24,-3.1306,2.7353,0.28162148913430607,0.215,上涨,下跌,0,2026-05-07
2026-04-27,37997,relative_core,39,2026-04-27,920187,通领科技,汽车零部件,37.3,37.4,37.68,36.82,8346.0,31036064.66,2.29,-0.35,3.65,0.28134347041326074,0.215,上涨,下跌,0,2026-05-07
2026-04-27,37997,relative_core,39,2026-04-27,603406,天富龙,化学纤维,34.15,33.95,34.25,33.57,683427.0,23152913.36,1.99,-0.5857,1.8641,0.2744699131030867,0.215,上涨,上涨,1,2026-05-07
2026-04-27,37997,relative_core,39,2026-04-27,603261,*ST立航,航空装备Ⅱ,33.9,34.38,34.76,33.02,1028500.0,34480266.0,5.11,1.0582,1.327,0.2676556139599519,0.215,上涨,上涨,1,2026-05-07
2026-04-27,37997,relative_core,39,2026-04-27,003019,宸展光电,光学光电子,35.31,34.91,35.54,33.99,6482267.0,224884440.51,4.35,-1.9382,3.7917,0.26288258693925703,0.215,上涨,上涨,1,2026-05-07
2026-04-27,37997,relative_core,39,2026-04-27,603350,安乃达,电机Ⅱ,35.26,35.54,35.58,34.93,843900.0,29774243.21,1.83,0.0281,1.9125,0.2618805322567635,0.215,上涨,上涨,1,2026-05-07
2026-04-27,37997,relative_core,39,2026-04-27,000603,盛达资源,贵金属,37.39,37.76,38.28,37.11,14944343.0,564963728.33,3.1,0.1326,2.2415,0.2548497085983159,0.215,上涨,上涨,1,2026-05-07
2026-04-27,37997,relative_core,39,2026-04-27,600298,安琪酵母,调味发酵品Ⅱ,39.69,39.42,39.89,39.11,7335792.0,289159990.49,1.97,-0.6803,0.8558,0.24931395151962102,0.215,上涨,下跌,0,2026-05-07
2026-04-27,37997,relative_core,39,2026-04-27,603312,西典新能,电网设备,39.0,39.16,39.66,37.2,3246080.0,124217621.24,6.1,-2.8288,6.3749,0.24921977447040908,0.215,上涨,上涨,1,2026-05-07
2026-04-27,37997,relative_core,39,2026-04-27,920640,富士达,通信设备,36.58,36.0,36.58,35.1,59757.0,214051655.26,4.0,-2.81,3.31,0.23515183039109047,0.215,上涨,上涨,1,2026-05-07
2026-04-27,37997,relative_core,39,2026-04-27,002940,昂利康,化学制药,42.5,36.33,42.98,35.91,36442214.0,1389215012.57,17.72,-8.9474,19.6692,0.228591959517132,0.215,上涨,下跌,0,2026-05-07
2026-04-27,37997,relative_core,39,2026-04-27,603352,至信股份,汽车零部件,37.32,37.09,37.32,36.76,1298450.0,48000439.62,1.5,-0.6695,2.923,0.22653369398882886,0.215,上涨,下跌,0,2026-05-07
2026-04-27,37997,relative_core,39,2026-04-27,002261,拓维信息,软件开发,39.55,38.3,39.78,38.15,169907990.0,6582609817.21,4.13,-2.9889,14.8307,0.22434196191654274,0.215,上涨,下跌,0,2026-05-07
2026-04-27,37997,relative_core,39,2026-04-27,603014,威高血净,医疗器械,37.05,36.41,37.05,35.91,1195414.0,43381929.96,3.08,-1.5946,3.0366,0.21988141775121184,0.215,上涨,下跌,0,2026-05-07
2026-04-27,37997,relative_core,39,2026-04-27,001255,博菲电气,塑料,36.02,36.13,36.22,35.11,1166500.0,41673008.0,3.12,1.4033,1.6417,0.21696353399646828,0.215,上涨,下跌,0,2026-05-07
2026-04-27,37997,relative_core,39,2026-04-27,600976,健民集团,中药Ⅱ,32.27972706,32.26999839,32.2991844,31.9100376,1823351.0,60172507.81,1.21,0.5152,1.1894,0.21380186521880268,0.215,下跌,下跌,1,2026-05-07
2026-04-27,37997,relative_core,39,2026-04-27,603376,大明电子,汽车零部件,32.57,32.77,32.77,32.28,652112.0,21213711.79,1.5,0.3368,2.101,0.21000651288789157,0.215,下跌,下跌,1,2026-05-07
2026-04-27,37997,relative_core,39,2026-04-27,001220,世盟股份,物流,43.44,40.11,44.44,40.11,2930212.0,121537265.54,9.72,-10.0067,12.9606,0.20679025556688155,0.215,下跌,下跌,1,2026-05-07
2026-04-27,37997,relative_core,39,2026-04-27,600038,中直股份,航空装备Ⅱ,33.2,33.24,33.3,32.86,4308692.0,142444318.44,1.32,-0.0301,0.6441,0.20535217360332222,0.215,下跌,下跌,1,2026-05-07
2026-04-27,37997,relative_core,39,2026-04-27,000062,深圳华强,其他电子Ⅱ,35.27230806,37.66567926,37.66567926,34.24515292,107511487.0,3952832958.8,9.99,9.9884,10.2892,0.1609284018340841,0.215,下跌,下跌,1,2026-05-07
