交易所,板块,代码,名称,最新价,涨跌额,涨跌幅,昨收,今开,最高,最低,成交量,成交额,振幅,时间戳,行业,原始代码,数据源
深交所,深市主板,000021,深科技,33.66,-0.6800000000000068,-1.980198019802,34.34,34.69,35.19,32.88,158559615.0,5388094177.34,6.726849155503771,2026-05-15 15:00:00,消费电子,sz000021,sina_snapshot
深交所,深市主板,000062,深圳华强,32.11,-1.5499999999999972,-4.604872251931067,33.66,33.42,34.5,31.71,66328786.0,2172896991.04,8.288770053475934,2026-05-15 15:00:00,其他电子Ⅱ,sz000062,sina_snapshot
深交所,深市主板,000063,中兴通讯,36.71,-0.8500000000000014,-2.2630457933972346,37.56,37.64,38.29,36.58,146967367.0,5466586802.89,4.552715654952079,2026-05-15 15:00:00,通信设备,sz000063,sina_snapshot
深交所,深市主板,000338,潍柴动力,34.77,0.5700000000000003,1.6666666666666674,34.2,34.23,35.64,33.8,108748757.0,3793084838.4,5.380116959064337,2026-05-15 15:00:00,汽车零部件,sz000338,sina_snapshot
深交所,深市主板,000513,丽珠集团,30.88,-0.5300000000000011,-1.6873607131486823,31.41,31.41,31.56,30.77,5961733.0,185473187.64,2.51512257242916,2026-05-15 15:00:00,化学制药,sz000513,sina_snapshot
深交所,深市主板,000526,学大教育,34.09,-0.28999999999999915,-0.8435136707387991,34.38,34.41,34.54,33.88,1627000.0,55649780.0,1.9197207678882973,2026-05-15 15:00:00,教育,sz000526,sina_snapshot
深交所,深市主板,000603,盛达资源,35.02,-2.4099999999999966,-6.438685546353183,37.43,36.76,36.88,34.58,27436796.0,973083266.52,6.144803633449116,2026-05-15 15:00:00,贵金属,sz000603,sina_snapshot
深交所,深市主板,000762,西藏矿业,33.21,-0.8200000000000003,-2.409638554216868,34.03,34.02,34.34,32.91,32083086.0,1078386768.97,4.202174551866021,2026-05-15 15:00:00,能源金属,sz000762,sina_snapshot
深交所,深市主板,000792,盐湖股份,33.89,-0.9399999999999977,-2.698822853861607,34.83,34.75,34.88,33.61,108361646.0,3698542887.7,3.646281940855593,2026-05-15 15:00:00,农化制品,sz000792,sina_snapshot
深交所,深市主板,000807,云铝股份,29.75,-1.8299999999999983,-5.7948068397720025,31.58,31.28,31.29,29.51,81063423.0,2443506455.6,5.636478784040524,2026-05-15 15:00:00,工业金属,sz000807,sina_snapshot
深交所,深市主板,000811,冰轮环境,33.12,-0.5399999999999991,-1.604278074866308,33.66,33.55,34.94,32.09,55755083.0,1860374772.68,8.46702317290551,2026-05-15 15:00:00,通用设备,sz000811,sina_snapshot
深交所,深市主板,000880,潍柴重机,32.48,0.04999999999999716,0.15417823003391046,32.43,32.34,32.95,31.25,44243317.0,1428093672.66,5.242059821153262,2026-05-15 15:00:00,汽车零部件,sz000880,sina_snapshot
深交所,深市主板,000933,神火股份,30.07,-1.9299999999999997,-6.031249999999999,32.0,31.36,31.5,29.82,70335719.0,2136130077.5,5.249999999999999,2026-05-15 15:00:00,工业金属,sz000933,sina_snapshot
深交所,深市主板,000935,四川双马,32.73,-0.6200000000000045,-1.8590704647676297,33.35,33.26,33.55,32.11,9075401.0,297236549.2,4.317841079460263,2026-05-15 15:00:00,多元金融,sz000935,sina_snapshot
深交所,深市主板,000938,紫光股份,31.91,-0.23000000000000043,-0.7156191661481033,32.14,32.3,33.96,31.66,273908225.0,8967377277.91,7.156191661481022,2026-05-15 15:00:00,IT服务Ⅱ,sz000938,sina_snapshot
深交所,深市主板,000963,华东医药,31.3,-1.4999999999999964,-4.5731707317073065,32.8,32.65,32.78,31.06,20663930.0,658111748.05,5.2439024390243985,2026-05-15 15:00:00,化学制药,sz000963,sina_snapshot
深交所,深市主板,001220,世盟股份,37.14,-0.9299999999999997,-2.4428684003152084,38.07,38.08,38.1,36.96,1771851.0,66115678.97,2.994483845547677,2026-05-15 15:00:00,物流,sz001220,sina_snapshot
深交所,深市主板,001228,永泰运,30.53,0.45000000000000284,1.496010638297882,30.08,30.08,31.26,29.91,1700400.0,51773266.0,4.488031914893622,2026-05-15 15:00:00,物流,sz001228,sina_snapshot
深交所,深市主板,001229,魅视科技,35.86,-0.5600000000000023,-1.5376166941241136,36.42,36.45,36.63,35.66,1412242.0,51014215.76,2.6633717737507023,2026-05-15 15:00:00,计算机设备,sz001229,sina_snapshot
深交所,深市主板,001255,博菲电气,34.74,-0.4899999999999949,-1.390860062446764,35.23,35.3,35.57,34.7,1244200.0,43628932.0,2.4694862333238645,2026-05-15 15:00:00,塑料,sz001255,sina_snapshot
深交所,深市主板,001277,速达股份,36.88,-0.1599999999999966,-0.43196544276456966,37.04,37.15,37.49,36.41,973046.0,36126892.48,2.915766738660922,2026-05-15 15:00:00,专用设备,sz001277,sina_snapshot
深交所,深市主板,001279,强邦新材,33.37,0.7399999999999949,2.2678516702420928,32.63,32.7,34.34,32.3,2545091.0,85213252.88,6.251915415262048,2026-05-15 15:00:00,包装印刷,sz001279,sina_snapshot
深交所,深市主板,001287,中电港,28.55,-1.3900000000000006,-4.6426185704742835,29.94,30.0,30.26,28.15,58786571.0,1705497853.94,7.047428189712769,2026-05-15 15:00:00,其他电子Ⅱ,sz001287,sina_snapshot
深交所,深市主板,001311,多利科技,28.54,-0.26000000000000156,-0.9027777777777832,28.8,28.83,29.63,28.35,3966779.0,114529134.88,4.444444444444437,2026-05-15 15:00:00,汽车零部件,sz001311,sina_snapshot
深交所,深市主板,001328,登康口腔,30.81,-0.23000000000000043,-0.7409793814433003,31.04,31.2,31.45,30.6,1059852.0,32781185.44,2.738402061855663,2026-05-15 15:00:00,个护用品,sz001328,sina_snapshot
深交所,深市主板,001336,楚环科技,30.27,0.4800000000000004,1.6112789526686822,29.79,29.94,30.7,29.6,2290600.0,69078751.0,3.6925142665323865,2026-05-15 15:00:00,环保设备Ⅱ,sz001336,sina_snapshot
深交所,深市主板,001388,信通电子,38.25,-0.22999999999999687,-0.5977130977130897,38.48,38.42,38.85,38.07,944514.0,36306209.46,2.0270270270270303,2026-05-15 15:00:00,电网设备,sz001388,sina_snapshot
深交所,深市主板,001395,亚联机械,38.66,0.3499999999999943,0.9135995823544617,38.31,38.18,39.18,38.18,716768.0,27785502.2,2.6102845210127903,2026-05-15 15:00:00,专用设备,sz001395,sina_snapshot
深交所,深市主板,002001,新 和 成,32.92,-0.030000000000001137,-0.09104704097117187,32.95,33.21,33.49,32.42,26701177.0,878251020.5,3.247344461305008,2026-05-15 15:00:00,化学制品,sz002001,sina_snapshot
深交所,深市主板,002074,国轩高科,36.13,-0.5700000000000003,-1.5531335149863768,36.7,36.7,37.11,35.8,48128097.0,1749540951.58,3.569482288828344,2026-05-15 15:00:00,电池,sz002074,sina_snapshot
深交所,深市主板,002128,电投能源,30.31,-1.7500000000000036,-5.4585152838428055,32.06,31.63,31.63,30.01,26053626.0,794463279.03,5.053025577043036,2026-05-15 15:00:00,煤炭开采,sz002128,sina_snapshot
深交所,深市主板,002134,天津普林,29.97,-0.22000000000000242,-0.7287181185823199,30.19,30.21,30.69,29.15,12924818.0,386984466.38,5.101026830076193,2026-05-15 15:00:00,元件,sz002134,sina_snapshot
深交所,深市主板,002138,顺络电子,35.63,-1.1400000000000006,-3.1003535490889322,36.77,36.84,37.44,35.02,29311496.0,1053059684.04,6.581452270872978,2026-05-15 15:00:00,元件,sz002138,sina_snapshot
深交所,深市主板,002142,宁波银行,31.84,-0.08000000000000185,-0.25062656641604586,31.92,31.8,31.9,31.5,21029627.0,667579570.46,1.253132832080196,2026-05-15 15:00:00,银行Ⅱ,sz002142,sina_snapshot
深交所,深市主板,002158,汉钟精机,33.1,1.0200000000000031,3.179551122194524,32.08,32.5,34.87,32.23,20673803.0,689289737.34,8.229426433915215,2026-05-15 15:00:00,通用设备,sz002158,sina_snapshot
深交所,深市主板,002190,成飞集成,31.76,-0.24999999999999645,-0.7810059356450998,32.01,32.3,33.39,31.4,15221830.0,491310138.54,6.2168072477350895,2026-05-15 15:00:00,汽车零部件,sz002190,sina_snapshot
深交所,深市主板,002261,拓维信息,33.33,-0.3400000000000034,-1.0098010098010197,33.67,33.54,34.11,33.22,69366103.0,2333872574.41,2.643302643302645,2026-05-15 15:00:00,软件开发,sz002261,sina_snapshot
深交所,深市主板,002273,水晶光电,38.0,-0.8100000000000023,-2.0870909559391966,38.81,39.47,40.12,37.2,80703367.0,3109136052.93,7.523834063385711,2026-05-15 15:00:00,光学光电子,sz002273,sina_snapshot
深交所,深市主板,002294,信立泰,35.25,-1.0200000000000031,-2.8122415219189496,36.27,36.24,36.45,35.0,33993826.0,1210919308.25,3.9977943203749726,2026-05-15 15:00:00,化学制药,sz002294,sina_snapshot
深交所,深市主板,002315,焦点科技,30.86,0.3200000000000003,1.0478061558611667,30.54,30.65,31.55,30.58,7966150.0,247390949.98,3.1761624099541663,2026-05-15 15:00:00,互联网电商,sz002315,sina_snapshot
深交所,深市主板,002352,顺丰控股,35.85,-0.37999999999999545,-1.0488545404360903,36.23,36.18,36.21,35.75,21591174.0,775454932.88,1.2696660226331793,2026-05-15 15:00:00,物流,sz002352,sina_snapshot
深交所,深市主板,002378,章源钨业,30.26,-1.4499999999999993,-4.572690003153577,31.71,31.51,31.64,30.03,53426525.0,1631668754.02,5.077262693156731,2026-05-15 15:00:00,小金属,sz002378,sina_snapshot
深交所,深市主板,002380,科远智慧,42.18,3.6000000000000014,9.331259720062214,38.58,39.84,42.44,39.84,33733246.0,1408697689.61,6.739243131156025,2026-05-15 15:00:00,IT服务Ⅱ,sz002380,sina_snapshot
深交所,深市主板,002396,星网锐捷,31.26,0.010000000000001563,0.032000000000005004,31.25,31.43,32.82,31.0,36232004.0,1157945375.67,5.824000000000001,2026-05-15 15:00:00,通信设备,sz002396,sina_snapshot
深交所,深市主板,002402,和而泰,31.35,-0.509999999999998,-1.6007532956685437,31.86,31.9,32.66,31.08,43269709.0,1374739172.91,4.959196484620208,2026-05-15 15:00:00,家电零部件Ⅱ,sz002402,sina_snapshot
深交所,深市主板,002407,多氟多,36.47,3.3200000000000003,10.015082956259429,33.15,35.12,36.47,35.12,154367984.0,5604165250.82,4.072398190045253,2026-05-15 15:00:00,化学制品,sz002407,sina_snapshot
深交所,深市主板,002415,海康威视,33.12,-0.3300000000000054,-0.9865470852018098,33.45,33.63,34.08,33.02,61854638.0,2073595063.09,3.1689088191330197,2026-05-15 15:00:00,计算机设备,sz002415,sina_snapshot
深交所,深市主板,002422,科伦药业,31.38,-0.010000000000001563,-0.03185727938834521,31.39,31.33,31.88,31.03,10097323.0,317595457.99,2.7078687480089134,2026-05-15 15:00:00,化学制药,sz002422,sina_snapshot
深交所,深市主板,002430,杭氧股份,29.97,-0.2900000000000027,-0.9583608724388721,30.26,30.26,30.75,29.46,22429695.0,669922236.08,4.263053536021147,2026-05-15 15:00:00,化学制品,sz002430,sina_snapshot
深交所,深市主板,002436,兴森科技,31.49,-1.2200000000000024,-3.729746254967907,32.71,33.01,33.87,31.14,137044010.0,4410497925.28,8.346071537756028,2026-05-15 15:00:00,元件,sz002436,sina_snapshot
深交所,深市主板,002444,巨星科技,34.7,0.0,0.0,34.7,34.7,35.29,34.32,11728292.0,408913416.98,2.795389048991351,2026-05-15 15:00:00,通用设备,sz002444,sina_snapshot
深交所,深市主板,002552,宝鼎科技,32.13,-1.7199999999999989,-5.081240768094531,33.85,33.68,34.0,31.84,39205374.0,1276129157.68,6.381093057607091,2026-05-15 15:00:00,元件,sz002552,sina_snapshot
深交所,深市主板,002558,巨人网络,30.12,-0.7899999999999991,-2.5558071821416988,30.91,31.0,31.29,29.7,63871033.0,1935442262.29,5.143966353930766,2026-05-15 15:00:00,游戏Ⅱ,sz002558,sina_snapshot
深交所,深市主板,002580,圣阳股份,28.19,-3.129999999999999,-9.993614303959127,31.32,29.67,30.29,28.19,105688471.0,3051621478.5,6.70498084291187,2026-05-15 15:00:00,电池,sz002580,sina_snapshot
深交所,深市主板,002655,共达电声,37.41,0.46999999999999886,1.272333513806169,36.94,36.52,38.51,36.2,48114406.0,1801647407.91,6.253383865728194,2026-05-15 15:00:00,消费电子,sz002655,sina_snapshot
深交所,深市主板,002730,电光科技,32.36,-0.6499999999999986,-1.969100272644649,33.01,32.68,34.12,31.84,20162240.0,662995618.2,6.9069978794304685,2026-05-15 15:00:00,专用设备,sz002730,sina_snapshot
深交所,深市主板,002757,南兴股份,31.95,-0.15000000000000213,-0.4672897196261749,32.1,31.8,32.78,31.52,19012451.0,611385678.38,3.925233644859818,2026-05-15 15:00:00,专用设备,sz002757,sina_snapshot
深交所,深市主板,002759,天际股份,36.43,0.759999999999998,2.1306419960751275,35.67,35.8,37.8,35.8,64776190.0,2399036253.66,5.60695262125035,2026-05-15 15:00:00,电池,sz002759,sina_snapshot
深交所,深市主板,002801,微光股份,33.06,0.9500000000000028,2.9585798816568136,32.11,32.12,33.89,32.04,3695095.0,122128900.65,5.761445032700098,2026-05-15 15:00:00,电机Ⅱ,sz002801,sina_snapshot
深交所,深市主板,002827,高争民爆,31.72,-0.120000000000001,-0.3768844221105559,31.84,31.87,32.53,31.6,3163710.0,101564229.9,2.920854271356783,2026-05-15 15:00:00,化学制品,sz002827,sina_snapshot
深交所,深市主板,002838,道恩股份,36.62,-0.5800000000000054,-1.559139784946251,37.2,37.44,38.0,36.28,9906746.0,368084846.61,4.6236559139784905,2026-05-15 15:00:00,塑料,sz002838,sina_snapshot
深交所,深市主板,002841,视源股份,38.99,0.14000000000000057,0.3603603603603618,38.85,39.0,39.63,38.56,6256944.0,244522791.28,2.754182754182755,2026-05-15 15:00:00,消费电子,sz002841,sina_snapshot
深交所,深市主板,002842,翔鹭钨业,36.43,-1.7100000000000009,-4.483481908757212,38.14,38.26,38.42,36.03,33998160.0,1249181839.4,6.266386995280547,2026-05-15 15:00:00,小金属,sz002842,sina_snapshot
深交所,深市主板,002864,盘龙药业,30.75,-0.23000000000000043,-0.7424144609425449,30.98,30.96,31.1,30.42,1736500.0,53381576.0,2.1949644932214323,2026-05-15 15:00:00,中药Ⅱ,sz002864,sina_snapshot
深交所,深市主板,002891,中宠股份,31.03,-0.21999999999999886,-0.7039999999999964,31.25,31.22,31.59,30.81,6462031.0,201567682.35,2.496000000000004,2026-05-15 15:00:00,饲料,sz002891,sina_snapshot
深交所,深市主板,002895,川恒股份,34.18,-0.030000000000001137,-0.08769365682549295,34.21,34.6,35.3,33.88,7730235.0,267953870.02,4.150833089739827,2026-05-15 15:00:00,农化制品,sz002895,sina_snapshot
深交所,深市主板,002899,英派斯,32.35,-0.25,-0.7668711656441718,32.6,32.01,32.77,31.92,3466100.0,112088277.0,2.6073619631901885,2026-05-15 15:00:00,文娱用品,sz002899,sina_snapshot
深交所,深市主板,002902,铭普光磁,39.6,0.480000000000004,1.226993865030685,39.12,38.66,43.03,38.66,55407334.0,2285891273.98,11.17075664621678,2026-05-15 15:00:00,通信设备,sz002902,sina_snapshot
深交所,深市主板,002906,华阳集团,31.6,0.8900000000000006,2.898078801693261,30.71,30.68,32.24,30.6,11239316.0,354818854.56,5.340280039075221,2026-05-15 15:00:00,汽车零部件,sz002906,sina_snapshot
深交所,深市主板,002921,联诚精密,31.01,0.10000000000000142,0.3235198964736377,30.91,30.94,32.52,30.32,8494390.0,267210573.5,7.117437722419938,2026-05-15 15:00:00,汽车零部件,sz002921,sina_snapshot
深交所,深市主板,002933,新兴装备,30.33,0.23999999999999844,0.7976071784646009,30.09,30.09,30.8,29.85,1911587.0,57823087.62,3.1571950814223975,2026-05-15 15:00:00,航空装备Ⅱ,sz002933,sina_snapshot
深交所,深市主板,002937,兴瑞科技,33.79,0.0799999999999983,0.23731830317412725,33.71,33.71,34.02,33.1,8060902.0,271042262.48,2.7291604865025265,2026-05-15 15:00:00,汽车零部件,sz002937,sina_snapshot
深交所,深市主板,002940,昂利康,43.23,3.1599999999999966,7.8861991514848935,40.07,40.83,43.98,39.9,53324111.0,2241494433.72,10.182181182929869,2026-05-15 15:00:00,化学制药,sz002940,sina_snapshot
深交所,深市主板,002956,西麦食品,30.38,-0.41000000000000014,-1.3316011692107832,30.79,30.72,30.8,30.23,3010588.0,91570943.2,1.8512504059759671,2026-05-15 15:00:00,休闲食品,sz002956,sina_snapshot
深交所,深市主板,002965,祥鑫科技,35.82,1.1300000000000026,3.2574228884404803,34.69,34.69,36.5,34.69,16446299.0,590247041.26,5.217641971749791,2026-05-15 15:00:00,汽车零部件,sz002965,sina_snapshot
深交所,深市主板,002971,和远气体,41.21,3.75,10.010678056593699,37.46,36.79,41.21,34.8,31960930.0,1201785499.13,17.111585691404173,2026-05-15 15:00:00,化学制品,sz002971,sina_snapshot
深交所,深市主板,002976,瑞玛精密,34.5,-1.8699999999999974,-5.1416002199615,36.37,37.07,37.45,34.1,10901401.0,383137274.55,9.210888094583453,2026-05-15 15:00:00,汽车零部件,sz002976,sina_snapshot
深交所,深市主板,002977,*ST天箭,29.97,-0.5199999999999996,-1.7054772056411927,30.49,30.1,30.48,29.3,2608060.0,77848420.92,3.8701213512627084,2026-05-15 15:00:00,军工电子Ⅱ,sz002977,sina_snapshot
深交所,深市主板,002978,安宁股份,29.77,-1.0100000000000016,-3.2813515269655666,30.78,30.76,30.76,29.65,5326252.0,160298046.17,3.6062378167641422,2026-05-15 15:00:00,小金属,sz002978,sina_snapshot
深交所,深市主板,002985,北摩高科,33.49,-0.4199999999999946,-1.238572692421099,33.91,33.91,34.1,33.31,5127772.0,172095502.86,2.3296962547920947,2026-05-15 15:00:00,航空装备Ⅱ,sz002985,sina_snapshot
深交所,深市主板,002988,豪美新材,31.32,-0.3099999999999987,-0.9800822004426137,31.63,31.63,32.4,31.16,3124977.0,98734498.83,3.920328801770466,2026-05-15 15:00:00,工业金属,sz002988,sina_snapshot
深交所,深市主板,002989,中天精装,32.43,0.10999999999999943,0.34034653465346354,32.32,32.31,33.73,31.96,9843432.0,322567592.35,5.476485148514839,2026-05-15 15:00:00,装修装饰Ⅱ,sz002989,sina_snapshot
深交所,深市主板,002997,瑞鹄模具,35.05,0.25,0.7183908045977012,34.8,34.95,35.55,34.11,10541245.0,368762720.41,4.137931034482753,2026-05-15 15:00:00,汽车零部件,sz002997,sina_snapshot
深交所,深市主板,003017,大洋生物,33.45,1.0200000000000031,3.1452358926919617,32.43,32.84,34.98,32.53,8580862.0,290278313.19,7.554733271662029,2026-05-15 15:00:00,化学原料,sz003017,sina_snapshot
深交所,深市主板,003019,宸展光电,36.55,2.809999999999995,8.328393598103128,33.74,34.15,36.6,33.51,14742748.0,523335092.06,9.15826911677535,2026-05-15 15:00:00,光学光电子,sz003019,sina_snapshot
深交所,深市主板,003023,彩虹集团,30.47,-0.4299999999999997,-1.3915857605177984,30.9,30.81,30.9,29.83,4077500.0,123501768.0,3.462783171521037,2026-05-15 15:00:00,小家电,sz003023,sina_snapshot
上交所,沪市主板,600036,招商银行,37.65,-0.1600000000000037,-0.4231684739487006,37.81,37.81,37.97,37.61,82173796.0,3101358446.0,0.9521290663845527,2026-05-15 15:00:03,银行Ⅱ,sh600036,sina_snapshot
上交所,沪市主板,600038,中直股份,30.2,-0.3500000000000014,-1.145662847790512,30.55,30.56,30.67,30.07,6758474.0,204634614.0,1.96399345335516,2026-05-15 15:00:03,航空装备Ⅱ,sh600038,sina_snapshot
上交所,沪市主板,600066,XD宇通客,32.79,-0.21000000000000085,-0.636363636363639,33.0,33.05,33.28,32.45,14951490.0,490421473.0,2.51515151515151,2026-05-15 15:00:01,商用车,sh600066,sina_snapshot
上交所,沪市主板,600096,云天化,32.35,0.00999999999999801,0.030921459492881907,32.34,32.23,33.14,32.19,41393793.0,1352037222.0,2.9375386518243745,2026-05-15 15:00:01,农化制品,sh600096,sina_snapshot
上交所,沪市主板,600114,东睦股份,33.37,-0.03999999999999915,-0.11972463334330784,33.41,33.5,34.52,32.6,24813077.0,832584148.0,5.746782400478905,2026-05-15 15:00:03,通用设备,sh600114,sina_snapshot
上交所,沪市主板,600141,兴发集团,32.18,-0.3400000000000034,-1.0455104551045615,32.52,33.02,33.44,31.73,37384988.0,1215347915.0,5.258302583025822,2026-05-15 15:00:01,农化制品,sh600141,sina_snapshot
上交所,沪市主板,600160,巨化股份,35.91,1.3499999999999943,3.906249999999983,34.56,36.0,37.66,35.7,106915355.0,3925919622.0,5.671296296296278,2026-05-15 15:00:03,化学制品,sh600160,sina_snapshot
上交所,沪市主板,600171,上海贝岭,29.28,-0.1999999999999993,-0.6784260515603775,29.48,29.48,30.17,28.98,21728741.0,642335295.0,4.036635006784265,2026-05-15 15:00:01,半导体,sh600171,sina_snapshot
上交所,沪市主板,600176,中国巨石,33.86,-3.759999999999998,-9.994683678894202,37.62,37.6,38.0,33.86,208669742.0,7318975326.0,11.004784688995217,2026-05-15 15:00:03,玻璃玻纤,sh600176,sina_snapshot
上交所,沪市主板,600206,有研新材,30.58,-1.7100000000000009,-5.295757200371635,32.29,31.98,32.9,30.2,105679672.0,3294916184.0,8.361721895323628,2026-05-15 15:00:02,半导体,sh600206,sina_snapshot
上交所,沪市主板,600298,安琪酵母,36.25,-0.45000000000000284,-1.2261580381471466,36.7,36.68,36.73,36.06,8349785.0,303472659.0,1.8256130790190586,2026-05-15 15:00:03,调味发酵品Ⅱ,sh600298,sina_snapshot
上交所,沪市主板,600316,洪都航空,32.67,-0.9399999999999977,-2.7967866706337334,33.61,33.61,33.71,32.36,11623581.0,382368626.0,4.016661707825056,2026-05-15 15:00:01,航空装备Ⅱ,sh600316,sina_snapshot
上交所,沪市主板,600323,瀚蓝环境,30.46,-0.6899999999999977,-2.2150882825040057,31.15,31.01,31.12,30.24,7184365.0,219098485.0,2.8250401284109232,2026-05-15 15:00:03,环境治理,sh600323,sina_snapshot
上交所,沪市主板,600330,天通股份,29.52,-3.2799999999999976,-9.999999999999993,32.8,32.6,33.38,29.52,201609147.0,6143741561.0,11.76829268292684,2026-05-15 15:00:01,电子化学品Ⅱ,sh600330,sina_snapshot
上交所,沪市主板,600378,昊华科技,36.93,0.2700000000000031,0.7364975450081919,36.66,37.49,38.43,36.68,36764279.0,1373941853.0,4.773595199127115,2026-05-15 15:00:01,化学制品,sh600378,sina_snapshot
上交所,沪市主板,600426,华鲁恒升,34.31,0.3400000000000034,1.000883132175459,33.97,34.11,34.99,33.53,24418201.0,839067010.0,4.297909920518107,2026-05-15 15:00:01,农化制品,sh600426,sina_snapshot
上交所,沪市主板,600456,宝钛股份,33.76,-0.6400000000000006,-1.8604651162790715,34.4,34.48,34.65,33.55,9173569.0,311545485.0,3.1976744186046555,2026-05-15 15:00:00,小金属,sh600456,sina_snapshot
上交所,沪市主板,600460,士兰微,30.95,-0.4299999999999997,-1.3702995538559584,31.38,31.45,32.2,30.51,85544747.0,2670716621.0,5.3855959209687745,2026-05-15 15:00:03,半导体,sh600460,sina_snapshot
上交所,沪市主板,600520,三佳科技,29.67,-1.0799999999999983,-3.512195121951214,30.75,30.29,30.86,29.55,14143198.0,424569444.0,4.260162601626012,2026-05-15 15:00:01,专用设备,sh600520,sina_snapshot
上交所,沪市主板,600547,山东黄金,31.9,-1.6900000000000048,-5.031259303364111,33.59,33.0,33.0,31.5,72672715.0,2337721558.0,4.465614766299494,2026-05-15 15:00:03,贵金属,sh600547,sina_snapshot
上交所,沪市主板,600593,大连圣亚,35.66,0.0899999999999963,0.2530222097272879,35.57,35.92,36.5,35.35,3512100.0,125953507.0,3.2330615687376962,2026-05-15 15:00:04,旅游及景区,sh600593,sina_snapshot
上交所,沪市主板,600605,汇通能源,33.05,-0.9200000000000017,-2.708272004710043,33.97,34.0,34.04,32.87,5102940.0,170050619.0,3.444215484250815,2026-05-15 15:00:03,一般零售,sh600605,sina_snapshot
上交所,沪市主板,600612,老凤祥,37.39,-0.6000000000000014,-1.5793629902605986,37.99,37.95,38.08,37.14,1530046.0,57515145.0,2.4743353514082593,2026-05-15 15:00:04,饰品,sh600612,sina_snapshot
上交所,沪市主板,600673,东阳光,36.51,-1.5200000000000031,-3.996844596371294,38.03,37.64,38.6,36.2,80773774.0,3014200730.0,6.310807257428343,2026-05-15 15:00:01,综合Ⅱ,sh600673,sina_snapshot
上交所,沪市主板,600685,中船防务,30.71,-0.4399999999999977,-1.4125200642054503,31.15,31.18,31.84,30.41,18894640.0,588115226.0,4.590690208667736,2026-05-15 15:00:01,航海装备Ⅱ,sh600685,sina_snapshot
上交所,沪市主板,600699,均胜电子,30.37,1.1900000000000013,4.078135709389998,29.18,29.31,30.53,28.72,107211780.0,3209958118.0,6.202878684030166,2026-05-15 15:00:01,汽车零部件,sh600699,sina_snapshot
上交所,沪市主板,600779,水井坊,31.62,-0.9599999999999973,-2.946593001841612,32.58,32.5,32.5,31.47,3532495.0,112417695.0,3.1614487415592425,2026-05-15 15:00:03,白酒Ⅱ,sh600779,sina_snapshot
上交所,沪市主板,600885,宏发股份,30.9,-0.6799999999999997,-2.153261557948068,31.58,31.5,31.95,30.65,17075073.0,532473570.0,4.116529449018368,2026-05-15 15:00:01,电网设备,sh600885,sina_snapshot
上交所,沪市主板,600895,张江高科,34.82,-0.759999999999998,-2.136031478358623,35.58,35.58,36.88,34.57,58056878.0,2064574886.0,6.492411467116364,2026-05-15 15:00:03,房地产开发,sh600895,sina_snapshot
上交所,沪市主板,600938,中国海油,36.51,0.44999999999999574,1.247920133111469,36.06,36.09,36.67,35.65,43335029.0,1571830327.0,2.828618968386032,2026-05-15 15:00:01,油气开采Ⅱ,sh600938,sina_snapshot
上交所,沪市主板,600976,健民集团,30.74,-0.7700000000000031,-2.44366867661061,31.51,31.35,31.58,30.63,1776750.0,55203185.0,3.0149158997143743,2026-05-15 15:00:03,中药Ⅱ,sh600976,sina_snapshot
上交所,沪市主板,601069,西部黄金,29.79,-2.1700000000000017,-6.789737171464336,31.96,31.16,31.38,29.51,26977546.0,812418934.0,5.8510638297872255,2026-05-15 15:00:03,贵金属,sh601069,sina_snapshot
上交所,沪市主板,601168,西部矿业,30.48,-1.4400000000000013,-4.5112781954887256,31.92,31.58,31.58,30.0,73523688.0,2265648504.0,4.949874686716786,2026-05-15 15:00:03,工业金属,sh601168,sina_snapshot
上交所,沪市主板,601601,中国太保,34.54,-0.6400000000000006,-1.81921546333144,35.18,35.27,35.35,34.41,38443988.0,1340444665.0,2.671972711768064,2026-05-15 15:00:03,保险Ⅱ,sh601601,sina_snapshot
上交所,沪市主板,601606,长城军工,38.14,0.14000000000000057,0.3684210526315805,38.0,37.8,38.95,37.78,14149834.0,541328402.0,3.078947368421057,2026-05-15 15:00:04,地面兵装Ⅱ,sh601606,sina_snapshot
上交所,沪市主板,601628,中国人寿,35.36,-0.6300000000000026,-1.7504862461795012,35.99,35.98,36.25,35.12,30459127.0,1085146475.0,3.1397610447346556,2026-05-15 15:00:03,保险Ⅱ,sh601628,sina_snapshot
上交所,沪市主板,601698,中国卫通,35.09,-0.6099999999999994,-1.7086834733893541,35.7,35.68,36.06,34.51,64603431.0,2276279137.0,4.341736694677882,2026-05-15 15:00:03,航天装备Ⅱ,sh601698,sina_snapshot
上交所,沪市主板,601877,正泰电器,32.18,-1.3900000000000006,-4.140601727733097,33.57,33.47,33.77,31.73,56352501.0,1822948984.0,6.076854334226996,2026-05-15 15:00:02,电网设备,sh601877,sina_snapshot
上交所,沪市主板,601899,紫金矿业,31.84,-1.6800000000000033,-5.011933174224352,33.52,32.99,33.0,31.5,448282207.0,14440316753.0,4.4749403341288785,2026-05-15 15:00:01,工业金属,sh601899,sina_snapshot
上交所,沪市主板,601995,中金公司,33.64,-0.6499999999999986,-1.895596383785356,34.29,34.29,34.37,33.4,17956662.0,607244738.0,2.8288130650335344,2026-05-15 15:00:01,证券Ⅱ,sh601995,sina_snapshot
上交所,沪市主板,603005,晶方科技,32.94,0.17999999999999972,0.5494505494505486,32.76,33.0,34.28,32.5,70503933.0,2351409757.0,5.433455433455437,2026-05-15 15:00:01,半导体,sh603005,sina_snapshot
上交所,沪市主板,603014,威高血净,34.89,-0.3200000000000003,-0.908832717977848,35.21,35.52,35.53,34.66,960270.0,33692098.0,2.470888952002285,2026-05-15 15:00:01,医疗器械,sh603014,sina_snapshot
上交所,沪市主板,603059,倍加洁,30.45,-0.629999999999999,-2.027027027027024,31.08,31.07,31.07,30.1,1846786.0,56560609.0,3.1209781209781173,2026-05-15 15:00:03,个护用品,sh603059,sina_snapshot
上交所,沪市主板,603068,博通集成,37.46,0.3400000000000034,0.9159482758620783,37.12,37.32,38.4,36.91,6497250.0,244997133.0,4.014008620689661,2026-05-15 15:00:03,半导体,sh603068,sina_snapshot
上交所,沪市主板,603072,天和磁材,38.33,0.14999999999999858,0.39287585123100727,38.18,38.18,39.18,37.91,3714103.0,142828391.0,3.3263488737559013,2026-05-15 15:00:03,金属新材料,sh603072,sina_snapshot
上交所,沪市主板,603082,北自科技,42.3,3.8499999999999943,10.013003901170334,38.45,39.01,42.3,39.0,12828902.0,527492850.0,8.582574772431721,2026-05-15 15:00:04,自动化设备,sh603082,sina_snapshot
上交所,沪市主板,603099,长白山,37.66,0.1599999999999966,0.4266666666666576,37.5,37.5,38.35,37.29,5901825.0,223725214.0,2.826666666666673,2026-05-15 15:00:03,旅游及景区,sh603099,sina_snapshot
上交所,沪市主板,603127,昭衍新药,39.96,2.009999999999998,5.29644268774703,37.95,38.12,41.75,37.8,65054343.0,2648644219.0,10.40843214756259,2026-05-15 15:00:00,医疗服务,sh603127,sina_snapshot
上交所,沪市主板,603173,福斯达,39.41,0.9099999999999966,2.363636363636355,38.5,38.46,40.2,38.4,2355247.0,92991155.0,4.675324675324687,2026-05-15 15:00:01,专用设备,sh603173,sina_snapshot
上交所,沪市主板,603194,中力股份,36.48,0.27999999999999403,0.7734806629834089,36.2,36.38,37.26,36.2,1808154.0,66345607.0,2.928176795580097,2026-05-15 15:00:04,工程机械,sh603194,sina_snapshot
上交所,沪市主板,603197,保隆科技,35.26,1.1999999999999957,3.5231943628890066,34.06,34.05,35.55,34.05,5122846.0,178811479.0,4.403992953611273,2026-05-15 15:00:01,汽车零部件,sh603197,sina_snapshot
上交所,沪市主板,603198,迎驾贡酒,35.28,-0.7800000000000011,-2.163061564059903,36.06,35.81,36.09,35.2,6009900.0,214030094.0,2.4681087077093746,2026-05-15 15:00:01,白酒Ⅱ,sh603198,sina_snapshot
上交所,沪市主板,603199,九华旅游,35.85,0.480000000000004,1.3570822731128187,35.37,35.37,35.85,35.12,2313914.0,82141122.0,2.0638959570257396,2026-05-15 15:00:04,旅游及景区,sh603199,sina_snapshot
上交所,沪市主板,603211,晋拓股份,30.47,-0.14000000000000057,-0.45736687357073036,30.61,30.5,31.46,29.8,18272900.0,561144780.0,5.423064358052924,2026-05-15 15:00:03,汽车零部件,sh603211,sina_snapshot
上交所,沪市主板,603216,梦天家居,27.95,-0.8200000000000003,-2.8501911713590555,28.77,28.8,29.2,27.62,6091831.0,172354737.0,5.491831769204026,2026-05-15 15:00:03,家居用品,sh603216,sina_snapshot
上交所,沪市主板,603220,中贝通信,31.15,0.6499999999999986,2.131147540983602,30.5,30.48,32.5,30.4,66928570.0,2104540371.0,6.885245901639349,2026-05-15 15:00:01,通信服务,sh603220,sina_snapshot
上交所,沪市主板,603255,鼎际得,32.58,0.3200000000000003,0.9919404835709867,32.26,32.26,32.9,32.07,1710600.0,55502118.0,2.5728456292622393,2026-05-15 15:00:01,化学制品,sh603255,sina_snapshot
上交所,沪市主板,603261,*ST立航,37.92,0.12000000000000455,0.31746031746032954,37.8,37.77,38.0,36.4,718500.0,26632866.0,4.232804232804237,2026-05-15 15:00:03,航空装备Ⅱ,sh603261,sina_snapshot
上交所,沪市主板,603272,*ST联翔,32.74,1.0100000000000016,3.1831074692719876,31.73,31.43,32.9,30.14,10667700.0,330083534.0,8.698392688307589,2026-05-15 15:00:03,家居用品,sh603272,sina_snapshot
上交所,沪市主板,603280,南方路机,32.9,0.14999999999999858,0.4580152671755682,32.75,32.51,33.24,32.39,1378300.0,45266185.0,2.5954198473282486,2026-05-15 15:00:03,工程机械,sh603280,sina_snapshot
上交所,沪市主板,603281,江瀚新材,36.78,-0.22999999999999687,-0.6214536611726477,37.01,37.2,38.86,36.28,5176603.0,193166693.0,6.971088894893268,2026-05-15 15:00:03,化学制品,sh603281,sina_snapshot
上交所,沪市主板,603288,海天味业,36.81,-0.5399999999999991,-1.445783132530118,37.35,37.2,37.33,36.73,15357131.0,567701161.0,1.6064257028112487,2026-05-15 15:00:00,调味发酵品Ⅱ,sh603288,sina_snapshot
上交所,沪市主板,603312,西典新能,38.47,0.18999999999999773,0.49634273772204207,38.28,38.13,39.38,37.53,1578380.0,60468254.0,4.832810867293629,2026-05-15 15:00:04,电网设备,sh603312,sina_snapshot
上交所,沪市主板,603319,美湖股份,32.49,0.990000000000002,3.1428571428571495,31.5,31.01,33.85,31.0,26174298.0,852429266.0,9.047619047619051,2026-05-15 15:00:01,汽车零部件,sh603319,sina_snapshot
上交所,沪市主板,603322,超讯通信,35.75,-0.11999999999999744,-0.3345413994981808,35.87,35.86,36.7,35.33,7081600.0,254261384.0,3.8193476442709913,2026-05-15 15:00:04,通信服务,sh603322,sina_snapshot
上交所,沪市主板,603350,安乃达,36.25,1.3500000000000014,3.868194842406881,34.9,34.8,36.88,34.8,2382661.0,85942317.0,5.9598853868195,2026-05-15 15:00:00,电机Ⅱ,sh603350,sina_snapshot
上交所,沪市主板,603352,至信股份,35.65,0.36999999999999744,1.0487528344671129,35.28,35.45,35.8,35.25,1316517.0,46802868.0,1.5589569160997652,2026-05-15 15:00:01,汽车零部件,sh603352,sina_snapshot
上交所,沪市主板,603355,莱克电气,32.46,-0.00999999999999801,-0.030797659377881155,32.47,32.28,33.17,31.91,2617987.0,85232492.0,3.8805050816138027,2026-05-15 15:00:02,小家电,sh603355,sina_snapshot
上交所,沪市主板,603358,华达科技,34.4,-1.0500000000000043,-2.9619181946403503,35.45,35.4,35.57,34.3,8697595.0,303744804.0,3.582510578279275,2026-05-15 15:00:01,汽车零部件,sh603358,sina_snapshot
上交所,沪市主板,603376,大明电子,30.63,0.21999999999999886,0.7234462347911833,30.41,30.38,31.04,30.13,1180165.0,36149395.0,2.992436698454456,2026-05-15 15:00:01,汽车零部件,sh603376,sina_snapshot
上交所,沪市主板,603380,易德龙,37.1,0.14000000000000057,0.37878787878788034,36.96,36.83,38.15,36.82,2839400.0,106519390.0,3.5984848484848437,2026-05-15 15:00:04,消费电子,sh603380,sina_snapshot
上交所,沪市主板,603383,顶点软件,32.5,-0.20000000000000284,-0.6116207951070424,32.7,32.64,33.4,32.35,6320542.0,208115650.0,3.2110091743119176,2026-05-15 15:00:04,软件开发,sh603383,sina_snapshot
上交所,沪市主板,603396,金辰股份,36.59,-1.0999999999999943,-2.9185460334306033,37.69,37.46,37.46,35.78,6828092.0,249280842.0,4.45741576014858,2026-05-15 15:00:04,光伏设备,sh603396,sina_snapshot
上交所,沪市主板,603406,天富龙,33.67,-0.3999999999999986,-1.1740534194305798,34.07,33.92,34.26,33.59,1271316.0,43014347.0,1.9665394775462124,2026-05-15 15:00:01,化学纤维,sh603406,sina_snapshot
上交所,沪市主板,603489,八方股份,39.35,1.0900000000000034,2.848928384736026,38.26,38.23,39.95,37.92,5722894.0,223754884.0,5.305802404600108,2026-05-15 15:00:02,电机Ⅱ,sh603489,sina_snapshot
上交所,沪市主板,603496,恒为科技,30.21,-0.7899999999999991,-2.548387096774191,31.0,31.0,31.4,29.87,19227260.0,587345625.0,4.935483870967734,2026-05-15 15:00:01,计算机设备,sh603496,sina_snapshot
上交所,沪市主板,603556,海兴电力,27.85,-0.7399999999999984,-2.588317593564178,28.59,28.38,28.58,27.77,5769096.0,161864271.0,2.8331584470094393,2026-05-15 15:00:03,电网设备,sh603556,sina_snapshot
上交所,沪市主板,603590,康辰药业,35.09,-0.5599999999999952,-1.5708274894810526,35.65,35.64,35.89,34.86,2254300.0,79580432.0,2.889200561009821,2026-05-15 15:00:03,生物制品,sh603590,sina_snapshot
上交所,沪市主板,603596,伯特利,31.85,0.22000000000000242,0.6955422067657364,31.63,31.65,32.73,31.38,22334018.0,714185333.0,4.268099905153329,2026-05-15 15:00:03,汽车零部件,sh603596,sina_snapshot
上交所,沪市主板,603618,杭电股份,36.4,-1.3999999999999986,-3.7037037037037,37.8,37.8,37.98,36.0,50510516.0,1854814833.0,5.23809523809523,2026-05-15 15:00:01,电网设备,sh603618,sina_snapshot
上交所,沪市主板,603657,春光科技,29.94,0.10000000000000142,0.33512064343164016,29.84,29.97,30.66,29.53,3407500.0,102188028.0,3.7868632707774768,2026-05-15 15:00:03,家电零部件Ⅱ,sh603657,sina_snapshot
上交所,沪市主板,603658,安图生物,33.59,-0.29999999999999716,-0.8852168781351347,33.89,34.0,34.18,33.43,2377090.0,80205203.0,2.2130421953378576,2026-05-15 15:00:04,医疗器械,sh603658,sina_snapshot
上交所,沪市主板,603659,璞泰来,32.21,0.030000000000001137,0.09322560596644232,32.18,32.16,32.88,31.69,49072268.0,1583176467.0,3.697949036668742,2026-05-15 15:00:01,电池,sh603659,sina_snapshot
上交所,沪市主板,603665,康隆达,30.47,-0.08000000000000185,-0.26186579378069347,30.55,30.56,31.59,30.3,3823202.0,117969057.0,4.222585924713582,2026-05-15 15:00:03,服装家纺,sh603665,sina_snapshot
上交所,沪市主板,603666,亿嘉和,30.6,0.3200000000000003,1.0568031704095122,30.28,30.28,31.49,29.9,8042911.0,247924393.0,5.250990752972258,2026-05-15 15:00:03,自动化设备,sh603666,sina_snapshot
上交所,沪市主板,603678,火炬电子,32.13,-0.6599999999999966,-2.012808783165589,32.79,33.16,33.46,32.0,9776260.0,317949347.0,4.45257700518451,2026-05-15 15:00:03,军工电子Ⅱ,sh603678,sina_snapshot
上交所,沪市主板,603685,晨丰科技,32.43,-0.7000000000000028,-2.1128886205855806,33.13,32.8,33.63,32.29,2555010.0,83586549.0,4.044672502263819,2026-05-15 15:00:04,光学光电子,sh603685,sina_snapshot
上交所,沪市主板,603722,阿科力,41.31,1.9100000000000037,4.847715736040619,39.4,39.52,42.19,39.31,3009774.0,123344723.0,7.30964467005075,2026-05-15 15:00:01,化学制品,sh603722,sina_snapshot
上交所,沪市主板,603813,*ST原尚,38.7,0.04000000000000625,0.10346611484740366,38.66,39.05,39.48,38.27,1009800.0,39201964.0,3.129849974133456,2026-05-15 15:00:04,物流,sh603813,sina_snapshot
上交所,沪市主板,603816,顾家家居,31.79,-1.1700000000000017,-3.5497572815534033,32.96,32.64,33.25,31.51,6888699.0,221783275.0,5.279126213592228,2026-05-15 15:00:04,家居用品,sh603816,sina_snapshot
上交所,沪市主板,603826,坤彩科技,34.73,-1.2000000000000028,-3.339827442248825,35.93,35.22,35.92,33.5,11703885.0,407890988.0,6.735318675201786,2026-05-15 15:00:03,非金属材料Ⅱ,sh603826,sina_snapshot
上交所,沪市主板,603860,中公高科,31.6,-0.389999999999997,-1.2191309784307502,31.99,31.99,32.15,31.13,1301400.0,41262337.0,3.1884964051266005,2026-05-15 15:00:03,工程咨询服务Ⅱ,sh603860,sina_snapshot
上交所,沪市主板,603867,新化股份,36.48,-1.9500000000000028,-5.074160811865737,38.43,39.03,39.2,36.4,12358214.0,460082852.0,7.285974499089265,2026-05-15 15:00:04,化学制品,sh603867,sina_snapshot
上交所,沪市主板,603868,飞科电器,37.41,0.10999999999999943,0.2949061662198376,37.3,37.21,38.18,36.9,2817946.0,105472591.0,3.4316353887399496,2026-05-15 15:00:04,小家电,sh603868,sina_snapshot
上交所,沪市主板,603895,天永智能,39.62,1.0599999999999952,2.7489626556016473,38.56,38.89,40.36,38.05,5429620.0,214328721.0,5.990663900414943,2026-05-15 15:00:04,专用设备,sh603895,sina_snapshot
上交所,沪市主板,603978,深圳新星,33.9,2.1999999999999993,6.940063091482648,31.7,32.23,34.68,32.1,26447274.0,887682021.0,8.138801261829649,2026-05-15 15:00:03,金属新材料,sh603978,sina_snapshot
上交所,沪市主板,603992,松霖科技,32.7,0.6200000000000045,1.9326683291770717,32.08,31.85,33.58,31.85,3961951.0,129215128.0,5.392768079800489,2026-05-15 15:00:03,家居用品,sh603992,sina_snapshot
上交所,沪市主板,605058,澳弘电子,37.48,-0.8600000000000065,-2.2430881585811333,38.34,38.49,38.8,36.97,3321832.0,124999854.0,4.773082942097022,2026-05-15 15:00:04,元件,sh605058,sina_snapshot
上交所,沪市主板,605086,龙高股份,33.69,-1.3800000000000026,-3.93498716852011,35.07,35.32,35.32,33.32,7351370.0,250489765.0,5.702879954376961,2026-05-15 15:00:03,非金属材料Ⅱ,sh605086,sina_snapshot
上交所,沪市主板,605088,冠盛股份,36.72,0.7199999999999989,1.999999999999997,36.0,36.77,37.9,36.06,5443500.0,201237021.0,5.111111111111101,2026-05-15 15:00:02,汽车零部件,sh605088,sina_snapshot
上交所,沪市主板,605128,上海沿浦,34.87,2.3599999999999994,7.259304829283296,32.51,32.5,35.16,32.12,8953161.0,305825329.0,9.35096893263611,2026-05-15 15:00:03,汽车零部件,sh605128,sina_snapshot
上交所,沪市主板,605133,嵘泰股份,39.49,-0.00999999999999801,-0.025316455696197497,39.5,39.35,40.98,39.0,18455240.0,738004838.0,5.012658227848093,2026-05-15 15:00:04,汽车零部件,sh605133,sina_snapshot
上交所,沪市主板,605258,协和电子,36.1,-1.1000000000000014,-2.9569892473118315,37.2,37.26,37.66,35.68,3179200.0,115544061.0,5.322580645161282,2026-05-15 15:00:02,元件,sh605258,sina_snapshot
上交所,沪市主板,605488,福莱新材,35.02,0.8900000000000006,2.6076765309112235,34.13,34.2,36.36,34.04,12092566.0,427176354.0,6.7975388221506,2026-05-15 15:00:03,塑料,sh605488,sina_snapshot
上交所,沪市主板,605566,福莱蒽特,35.71,0.5,1.4200511218403862,35.21,35.3,36.58,35.22,4806621.0,172317341.0,3.8625390514058484,2026-05-15 15:00:03,化学制品,sh605566,sina_snapshot
北交所,北交所,920003,中诚咨询,31.39,0.3000000000000007,0.9649404953361232,31.09,31.45,31.64,30.96,378664.0,11861066.13,2.1871984560952065,2026-05-15 15:30:01,工程咨询服务Ⅱ,bj920003,sina_snapshot
北交所,北交所,920005,鼎佳精密,35.15,0.46000000000000085,1.3260305563563013,34.69,34.71,35.52,34.59,334204.0,11716601.0,2.6808878639377336,2026-05-15 15:30:01,消费电子,bj920005,sina_snapshot
北交所,北交所,920018,宏远股份,28.32,-0.6999999999999993,-2.412129565816676,29.02,28.99,29.11,28.2,2174021.0,62189554.08,3.1357684355616824,2026-05-15 15:30:01,电网设备,bj920018,sina_snapshot
北交所,北交所,920026,卓兆点胶,34.4,0.29999999999999716,0.8797653958944197,34.1,34.17,35.55,33.28,1476799.0,50854928.07,6.656891495601161,2026-05-15 15:30:01,专用设备,bj920026,sina_snapshot
北交所,北交所,920035,精创电气,30.95,0.5299999999999976,1.7422748191978883,30.42,30.66,31.54,30.26,776453.0,24051116.37,4.207758053911892,2026-05-15 15:30:01,自动化设备,bj920035,sina_snapshot
北交所,北交所,920046,亿能电力,30.38,-1.120000000000001,-3.555555555555559,31.5,30.5,31.68,29.17,9845033.0,297034287.47,7.968253968253962,2026-05-15 15:30:01,电网设备,bj920046,sina_snapshot
北交所,北交所,920047,诺思兰德,31.45,0.0,0.0,31.45,31.23,32.19,30.78,4152895.0,130967082.26,4.483306836248002,2026-05-15 15:30:01,生物制品,bj920047,sina_snapshot
北交所,北交所,920050,爱舍伦,33.58,0.5599999999999952,1.6959418534221535,33.02,33.02,33.9,32.74,520384.0,17354368.06,3.513022410660195,2026-05-15 15:30:01,医疗器械,bj920050,sina_snapshot
北交所,北交所,920055,隆源股份,38.53,1.9500000000000028,5.330781848004381,36.58,37.09,39.1,36.36,2585527.0,98073811.29,7.490431930016409,2026-05-15 15:30:01,汽车零部件,bj920055,sina_snapshot
北交所,北交所,920060,万源通,32.0,-0.3999999999999986,-1.2345679012345634,32.4,32.49,32.97,31.82,3714065.0,120116665.52,3.5493827160493785,2026-05-15 15:30:01,元件,bj920060,sina_snapshot
北交所,北交所,920078,族兴新材,31.96,0.620000000000001,1.9783024888321665,31.34,32.38,33.3,31.36,4184837.0,134795004.74,6.1901723037651495,2026-05-15 15:30:01,金属新材料,bj920078,sina_snapshot
北交所,北交所,920086,科马材料,31.94,0.16000000000000014,0.5034612964128388,31.78,31.9,32.97,31.52,1917560.0,61626297.54,4.562617998741344,2026-05-15 15:30:01,汽车零部件,bj920086,sina_snapshot
北交所,北交所,920092,汉鑫科技,29.05,-0.6899999999999977,-2.3201075991929985,29.74,30.0,30.22,28.88,977785.0,28857980.0,4.5057162071284464,2026-05-15 15:30:01,IT服务Ⅱ,bj920092,sina_snapshot
北交所,北交所,920101,志高机械,34.23,0.21999999999999886,0.6468685680682119,34.01,34.24,35.0,33.81,512273.0,17610498.04,3.49897089091443,2026-05-15 15:30:01,工程机械,bj920101,sina_snapshot
北交所,北交所,920110,雷特科技,31.63,0.08999999999999986,0.28535193405199705,31.54,31.58,32.3,31.45,110171.0,3502875.75,2.694990488268858,2026-05-15 15:30:01,其他电源设备Ⅱ,bj920110,sina_snapshot
北交所,北交所,920111,聚星科技,33.42,0.4200000000000017,1.272727272727278,33.0,32.9,33.97,32.65,6069221.0,202096772.09,4.000000000000001,2026-05-15 15:30:01,电网设备,bj920111,sina_snapshot
北交所,北交所,920112,巴兰仕,31.84,-0.030000000000001137,-0.09413241292752161,31.87,31.8,32.37,31.8,272137.0,8707409.99,1.7885158456228325,2026-05-15 15:30:01,专用设备,bj920112,sina_snapshot
北交所,北交所,920121,江天科技,37.83,0.4099999999999966,1.0956707642971582,37.42,37.44,38.28,37.03,347661.0,13128500.26,3.340459647247461,2026-05-15 15:30:01,包装印刷,bj920121,sina_snapshot
北交所,北交所,920177,恒道科技,38.35,4.079999999999998,11.90545666763933,34.27,34.27,42.3,34.11,4439365.0,167657305.28,23.89845345783483,2026-05-15 15:30:01,通用设备,bj920177,sina_snapshot
北交所,北交所,920187,通领科技,36.02,0.4100000000000037,1.1513619769727708,35.61,36.0,36.6,35.41,702325.0,25311736.39,3.341757933164855,2026-05-15 15:30:01,汽车零部件,bj920187,sina_snapshot
北交所,北交所,920199,倍益康,32.66,0.29999999999999716,0.9270704573547502,32.36,32.36,33.28,32.23,824660.0,27051337.91,3.2447466007416694,2026-05-15 15:30:01,小家电,bj920199,sina_snapshot
北交所,北交所,920239,长虹能源,29.07,0.08000000000000185,0.27595722662987876,28.99,29.42,30.0,28.63,1990933.0,58202755.8,4.725767506036568,2026-05-15 15:30:01,电池,bj920239,sina_snapshot
北交所,北交所,920284,灵鸽科技,33.36,-3.25,-8.877355913684786,36.61,36.14,37.26,33.2,7152170.0,248206683.85,11.08986615678775,2026-05-15 15:30:01,专用设备,bj920284,sina_snapshot
北交所,北交所,920396,常辅股份,28.78,-0.5999999999999979,-2.0422055820285836,29.38,29.0,29.67,28.69,1750608.0,50975114.81,3.3356024506466997,2026-05-15 15:30:01,自动化设备,bj920396,sina_snapshot
北交所,北交所,920509,同惠电子,33.22,-0.17999999999999972,-0.5389221556886219,33.4,33.44,34.66,33.15,3563876.0,120746939.19,4.52095808383233,2026-05-15 15:30:01,通用设备,bj920509,sina_snapshot
北交所,北交所,920570,坤博精工,31.03,-1.8500000000000014,-5.626520681265211,32.88,32.88,33.2,30.58,2031557.0,64207542.02,7.968369829683712,2026-05-15 15:30:01,通用设备,bj920570,sina_snapshot
北交所,北交所,920592,华信永道,31.74,-0.7800000000000047,-2.3985239852398665,32.52,32.46,33.36,31.66,1397751.0,45160052.61,5.227552275522752,2026-05-15 15:30:01,软件开发,bj920592,sina_snapshot
北交所,北交所,920640,富士达,35.05,-0.5400000000000063,-1.5172801348693628,35.59,35.35,36.38,34.68,4906122.0,174785903.59,4.776622646810909,2026-05-15 15:30:01,通信设备,bj920640,sina_snapshot
北交所,北交所,920693,阿为特,31.3,-0.08999999999999986,-0.28671551449506166,31.39,31.22,32.22,30.56,1433044.0,45110548.05,5.28830837846448,2026-05-15 15:30:01,通用设备,bj920693,sina_snapshot
北交所,北交所,920725,惠丰钻石,32.13,-1.1899999999999977,-3.571428571428564,33.32,33.9,34.1,31.89,3033361.0,99307046.45,6.632653061224492,2026-05-15 15:30:01,通用设备,bj920725,sina_snapshot
北交所,北交所,920748,路桥信息,33.53,-1.3500000000000014,-3.870412844036701,34.88,34.7,34.99,33.32,949901.0,32346820.22,4.787844036697252,2026-05-15 15:30:01,IT服务Ⅱ,bj920748,sina_snapshot
北交所,北交所,920779,武汉蓝电,31.93,0.4299999999999997,1.3650793650793642,31.5,32.0,32.43,31.26,812284.0,25893900.43,3.714285714285708,2026-05-15 15:30:01,电池,bj920779,sina_snapshot
北交所,北交所,920799,艾融软件,34.73,-0.240000000000002,-0.6863025450386102,34.97,35.0,35.71,34.44,2205380.0,77352459.54,3.6316843008292916,2026-05-15 15:30:01,软件开发,bj920799,sina_snapshot
北交所,北交所,920839,万通液压,32.28,0.5400000000000027,1.701323251417778,31.74,31.72,33.3,31.18,1099328.0,35580188.11,6.679269061121605,2026-05-15 15:30:01,工程机械,bj920839,sina_snapshot
北交所,北交所,920953,国子软件,29.68,-0.3200000000000003,-1.0666666666666678,30.0,30.28,30.62,29.39,1116391.0,33478276.73,4.100000000000001,2026-05-15 15:30:01,IT服务Ⅱ,bj920953,sina_snapshot
北交所,北交所,920971,天马新材,30.08,-2.6200000000000045,-8.012232415902155,32.7,33.27,33.69,30.08,7045859.0,220389717.23,11.039755351681954,2026-05-15 15:30:01,非金属材料Ⅱ,bj920971,sina_snapshot
北交所,北交所,920976,视声智能,29.75,0.129999999999999,0.4388926401080317,29.62,29.65,30.65,28.9,715254.0,20970788.28,5.908170155300472,2026-05-15 15:30:01,计算机设备,bj920976,sina_snapshot
